"REF_JUSTICE_ID","JUSTICE_NAME","CREST_JUSTICE_ID","COURT_ID","PSD_COURT_CODE","TITLE","INITIALS","LAST_UPDATE_DATE","CREATION_DATE","CREATED_BY","LAST_UPDATED_BY","VERSION","OBS_IND"
29906,"BOURKE20081028",10115,81,"2723","MRS","C",27-MAR-15 10:28:09,20-MAY-11 17:09:28,"Mercator","Mercator",280,"N"
29907,"DIGWEED20081028",10116,81,"2723","EL SIGNORE","D",27-MAR-15 10:28:09,20-MAY-11 17:09:28,"Mercator","Mercator",52,"N"
29908,"RISSOLE20081028",10117,81,"2723","SIGNORA","PP",27-MAR-15 10:28:09,20-MAY-11 17:09:28,"Mercator","Mercator",51,"N"
29909,"SAVELOY20081028",10118,81,"2723","PONTIFF","SS",27-MAR-15 10:28:09,20-MAY-11 17:09:28,"Mercator","Mercator",51,"N"
29910,"DAYLIM",10119,81,"2723","","",27-MAR-15 10:28:09,20-MAY-11 17:09:28,"Mercator","Mercator",51,"N"
29911,"DLLW",10120,81,"2723","NIH","QKV",27-MAR-15 10:28:09,20-MAY-11 17:09:28,"Mercator","Mercator",51,"N"
29912,"DROORZNH",10121,81,"2723","","P",27-MAR-15 10:28:09,20-MAY-11 17:09:28,"Mercator","Mercator",51,"N"
29913,"DZOGVIH",10122,81,"2723","","",27-MAR-15 10:28:09,20-MAY-11 17:09:28,"Mercator","Mercator",47,"N"
29914,"THOMPSON-SHORT-SMITH-JUSTICE-OF-PCS",10123,81,"2650","THE VERY VERY IMPORTANT J","ABCD",27-MAR-15 10:28:09,20-MAY-11 17:09:28,"Mercator","Mercator",47,"N"
29915,"AVERAGE-NAME",10124,81,"2650","LORD","ABC",27-MAR-15 10:28:09,20-MAY-11 17:09:28,"Mercator","Mercator",47,"N"
29916,"D",10125,81,"2650","B","A",27-MAR-15 10:28:09,20-MAY-11 17:09:28,"Mercator","Mercator",47,"N"
29917,"MEHMOOD",10126,81,"3027","MR","K",27-MAR-15 10:28:09,20-MAY-11 17:09:28,"Mercator","Mercator",47,"N"
29918,"MEHMOOD",10127,81,"1178","MR","K",27-MAR-15 10:28:09,20-MAY-11 17:09:28,"Mercator","Mercator",47,"N"
29919,"MEHMOOD",10129,81,"2725","MR","K",27-MAR-15 10:28:09,20-MAY-11 17:09:28,"Mercator","Mercator",47,"N"
29920,"MEHMOOD",10130,81,"2773","MR","K",27-MAR-15 10:28:09,20-MAY-11 17:09:28,"Mercator","Mercator",47,"N"
29921,"ACTON",10131,81,"2995","MR","A",27-MAR-15 10:28:09,20-MAY-11 17:09:28,"Mercator","Mercator",48,"N"
29922,"KING",10000,55,"2930","DR","",20-APR-12 09:25:23,18-APR-12 17:00:11,"Mercator","Mercator",10,"N"
29923,"FREEMAN",10001,55,"2660","MR","",20-APR-12 09:25:23,18-APR-12 17:00:11,"Mercator","Mercator",10,"N"
29924,"FOSTER",10002,55,"2660","MRS","",20-APR-12 09:25:23,18-APR-12 17:00:11,"Mercator","Mercator",10,"N"
29925,"DAY",10003,55,"2660","MR","",20-APR-12 09:25:23,18-APR-12 17:00:11,"Mercator","Mercator",10,"N"
29926,"COLLINS",10004,55,"2660","LORD","",20-APR-12 09:25:23,18-APR-12 17:00:11,"Mercator","Mercator",10,"N"
29927,"MORGAN",10005,55,"2660","MR","",20-APR-12 09:25:23,18-APR-12 17:00:11,"Mercator","Mercator",10,"N"
29928,"CARPENTER",10006,55,"2660","MRS","",20-APR-12 09:25:23,18-APR-12 17:00:11,"Mercator","Mercator",10,"N"
29929,"LONG",10007,55,"2660","MR","",20-APR-12 09:25:23,18-APR-12 17:00:11,"Mercator","Mercator",10,"N"
29930,"JONES",10008,55,"2660","MISS","",20-APR-12 09:25:23,18-APR-12 17:00:11,"Mercator","Mercator",10,"N"
29931,"OLIVER",10009,55,"2660","MISS","",20-APR-12 09:25:23,18-APR-12 17:00:11,"Mercator","Mercator",10,"N"
29932,"MONTGOMERY",10010,55,"2660","MR","",20-APR-12 09:25:23,18-APR-12 17:00:11,"Mercator","Mercator",10,"N"
29933,"GONZALES",10011,55,"2660","MRS","",20-APR-12 09:25:23,18-APR-12 17:00:11,"Mercator","Mercator",10,"N"
29934,"WELLS",10012,55,"2660","LORD","",20-APR-12 09:25:23,18-APR-12 17:00:11,"Mercator","Mercator",10,"N"
29935,"VASQUEZ",10013,55,"2660","MR","",20-APR-12 09:25:23,18-APR-12 17:00:11,"Mercator","Mercator",10,"N"
29936,"BERRY",10014,55,"2660","MR","",20-APR-12 09:25:23,18-APR-12 17:00:11,"Mercator","Mercator",10,"N"
29937,"REID",10015,55,"2660","DR","",20-APR-12 09:25:23,18-APR-12 17:00:11,"Mercator","Mercator",10,"N"
29938,"PEARSON",10016,55,"2660","MISS","",20-APR-12 09:25:23,18-APR-12 17:00:11,"Mercator","Mercator",10,"N"
29939,"RICHARDS",10017,55,"2660","MISS","",20-APR-12 09:25:23,18-APR-12 17:00:11,"Mercator","Mercator",10,"N"
29940,"RAMIREZ",10018,55,"2660","MRS","",20-APR-12 09:25:23,18-APR-12 17:00:11,"Mercator","Mercator",10,"N"
29941,"THOMAS",10019,55,"2660","MR","",20-APR-12 09:25:23,18-APR-12 17:00:11,"Mercator","Mercator",10,"N"
29942,"FISHER",10020,55,"2660","MR","",20-APR-12 09:25:23,18-APR-12 17:00:11,"Mercator","Mercator",10,"N"
29943,"CARR",10021,55,"2660","DR","",20-APR-12 09:25:23,18-APR-12 17:00:11,"Mercator","Mercator",10,"N"
29944,"STANLEY",10022,55,"2660","MR","",20-APR-12 09:25:23,18-APR-12 17:00:11,"Mercator","Mercator",10,"N"
29945,"NELSON",10023,55,"2660","SIR","",20-APR-12 09:25:23,18-APR-12 17:00:11,"Mercator","Mercator",10,"N"
29946,"ELLIS",10024,55,"2660","MRS","",20-APR-12 09:25:23,18-APR-12 17:00:11,"Mercator","Mercator",10,"N"
29947,"RAY",10025,55,"2660","LORD","",20-APR-12 09:25:23,18-APR-12 17:00:11,"Mercator","Mercator",10,"N"
29948,"DIAZ",10026,55,"2660","SIR","",20-APR-12 09:25:23,18-APR-12 17:00:11,"Mercator","Mercator",10,"N"
29949,"ANDREWS",10027,55,"2642","MR","",20-APR-12 09:25:23,18-APR-12 17:00:11,"Mercator","Mercator",10,"N"
29950,"MORRIS",10028,55,"2642","MRS","",20-APR-12 09:25:23,18-APR-12 17:00:11,"Mercator","Mercator",10,"N"
29951,"HARRIS",10029,55,"2642","MR","",20-APR-12 09:25:23,18-APR-12 17:00:11,"Mercator","Mercator",10,"N"
29952,"HOWARD",10030,55,"2642","LORD","",20-APR-12 09:25:23,18-APR-12 17:00:11,"Mercator","Mercator",10,"N"
29953,"HENDERSON",10031,55,"2642","MR","",20-APR-12 09:25:23,18-APR-12 17:00:11,"Mercator","Mercator",10,"N"
29954,"FIELDS",10032,55,"2642","MRS","",20-APR-12 09:25:23,18-APR-12 17:00:11,"Mercator","Mercator",10,"N"
29955,"WELCH",10033,55,"2642","MRS","",20-APR-12 09:25:23,18-APR-12 17:00:11,"Mercator","Mercator",10,"N"
29956,"SHAW",10034,55,"2642","MR","",20-APR-12 09:25:23,18-APR-12 17:00:11,"Mercator","Mercator",10,"N"
29957,"WELLS",10035,55,"2642","LORD","",20-APR-12 09:25:23,18-APR-12 17:00:11,"Mercator","Mercator",10,"N"
29958,"ARMSTRONG",10036,55,"2642","SIR","",20-APR-12 09:25:23,18-APR-12 17:00:11,"Mercator","Mercator",10,"N"
29959,"CARROLL",10037,55,"2642","MRS","",20-APR-12 09:25:23,18-APR-12 17:00:11,"Mercator","Mercator",10,"N"
29960,"LARSON",10038,55,"2642","MR","",20-APR-12 09:25:23,18-APR-12 17:00:11,"Mercator","Mercator",10,"N"
29961,"DANIELS",10039,55,"2642","MRS","",20-APR-12 09:25:23,18-APR-12 17:00:11,"Mercator","Mercator",10,"N"
29962,"SIMS",10040,55,"2642","DR","",20-APR-12 09:25:23,18-APR-12 17:00:11,"Mercator","Mercator",10,"N"
29963,"GARDNER",10041,55,"2642","MRS","",20-APR-12 09:25:23,18-APR-12 17:00:11,"Mercator","Mercator",10,"N"
29964,"BARNES",10042,55,"2642","MR","",20-APR-12 09:25:23,18-APR-12 17:00:11,"Mercator","Mercator",10,"N"
29965,"MORENO",10043,55,"2650","MR","",20-APR-12 09:25:23,18-APR-12 17:00:11,"Mercator","Mercator",10,"N"
29966,"CARPENTER",10044,55,"2650","MR","",20-APR-12 09:25:23,18-APR-12 17:00:11,"Mercator","Mercator",10,"N"
29967,"FOX",10045,55,"2650","SIR","",20-APR-12 09:25:23,18-APR-12 17:00:11,"Mercator","Mercator",10,"N"
29968,"HALL",10046,55,"2650","DR","",20-APR-12 09:25:23,18-APR-12 17:00:11,"Mercator","Mercator",10,"N"
29969,"ROSE",10047,55,"2650","LORD","",20-APR-12 09:25:23,18-APR-12 17:00:11,"Mercator","Mercator",10,"N"
29970,"COOK",10048,55,"2650","MISS","",20-APR-12 09:25:23,18-APR-12 17:00:11,"Mercator","Mercator",10,"N"
29971,"HALL",10049,55,"2650","MISS","",20-APR-12 09:25:23,18-APR-12 17:00:11,"Mercator","Mercator",10,"N"
29972,"MARSHALL",10050,55,"2650","MRS","",20-APR-12 09:25:23,18-APR-12 17:00:11,"Mercator","Mercator",10,"N"
29973,"THOMAS",10051,55,"2650","MRS","",20-APR-12 09:25:23,18-APR-12 17:00:11,"Mercator","Mercator",10,"N"
29974,"BROOKS",10052,55,"2650","MRS","",20-APR-12 09:25:23,18-APR-12 17:00:11,"Mercator","Mercator",10,"N"
29975,"THOMPSON",10053,55,"2650","MR","",20-APR-12 09:25:23,18-APR-12 17:00:11,"Mercator","Mercator",10,"N"
29976,"RODRIGUEZ",10054,55,"2650","MISS","",20-APR-12 09:25:23,18-APR-12 17:00:11,"Mercator","Mercator",10,"N"
29977,"WELLS",10055,55,"2650","MR","",20-APR-12 09:25:23,18-APR-12 17:00:11,"Mercator","Mercator",10,"N"
29978,"MARTINEZ",10056,55,"2650","SIR","",20-APR-12 09:25:23,18-APR-12 17:00:11,"Mercator","Mercator",10,"N"
29979,"HERNANDEZ",10057,55,"2650","MR","",20-APR-12 09:25:23,18-APR-12 17:00:11,"Mercator","Mercator",10,"N"
29980,"FLORES",10058,55,"2650","MRS","",20-APR-12 09:25:23,18-APR-12 17:00:11,"Mercator","Mercator",10,"N"
29981,"SIMS",10059,55,"2650","SIR","",20-APR-12 09:25:23,18-APR-12 17:00:11,"Mercator","Mercator",10,"N"
29982,"JORDAN",10060,55,"2650","MRS","",20-APR-12 09:25:23,18-APR-12 17:00:11,"Mercator","Mercator",10,"N"
29983,"RAY",10061,55,"2740","MR","",20-APR-12 09:25:23,18-APR-12 17:00:11,"Mercator","Mercator",10,"N"
29984,"SMITH",10062,55,"2740","LORD","",20-APR-12 09:25:23,18-APR-12 17:00:11,"Mercator","Mercator",10,"N"
29985,"DANIELS",10063,55,"2650","DR","",20-APR-12 09:25:23,18-APR-12 17:00:11,"Mercator","Mercator",10,"N"
29986,"PETERSON",10064,55,"2650","MR","",20-APR-12 09:25:23,18-APR-12 17:00:11,"Mercator","Mercator",10,"N"
29987,"TURNER",10065,55,"2650","MR","",20-APR-12 09:25:23,18-APR-12 17:00:11,"Mercator","Mercator",10,"N"
29988,"HAWKINS",10066,55,"2650","MR","",20-APR-12 09:25:23,18-APR-12 17:00:11,"Mercator","Mercator",10,"N"
29989,"ROGERS",10067,55,"2650","MR","",20-APR-12 09:25:23,18-APR-12 17:00:11,"Mercator","Mercator",10,"N"
29990,"OLSON",10068,55,"2650","MR","",20-APR-12 09:25:23,18-APR-12 17:00:11,"Mercator","Mercator",10,"N"
29991,"HART",10069,55,"2650","MR","",20-APR-12 09:25:23,18-APR-12 17:00:11,"Mercator","Mercator",10,"N"
29992,"VASQUEZ",10070,55,"2650","MISS","",20-APR-12 09:25:23,18-APR-12 17:00:11,"Mercator","Mercator",10,"N"
29993,"PEARSON",10071,55,"2650","MRS","",20-APR-12 09:25:23,18-APR-12 17:00:11,"Mercator","Mercator",10,"N"
29994,"REYNOLDS",10072,55,"2641","MRS","",20-APR-12 09:25:23,18-APR-12 17:00:11,"Mercator","Mercator",10,"N"
29995,"BERRY",10073,55,"2771","SIR","",20-APR-12 09:25:23,18-APR-12 17:00:11,"Mercator","Mercator",10,"N"
29996,"BERRY",10075,55,"6566","MRS","",20-APR-12 09:25:23,18-APR-12 17:00:11,"Mercator","Mercator",10,"N"
29997,"PRICE",10076,55,"2660","MR","",20-APR-12 09:25:23,18-APR-12 17:00:11,"Mercator","Mercator",10,"N"
29998,"TUCKER",10077,55,"2978","MISS","",20-APR-12 09:25:23,18-APR-12 17:00:11,"Mercator","Mercator",10,"N"
29999,"TUCKER",10078,55,"1841","MRS","",20-APR-12 09:25:23,18-APR-12 17:00:11,"Mercator","Mercator",10,"Y"
30000,"GONZALES",10079,55,"1841","MR","",20-APR-12 09:25:23,18-APR-12 17:00:11,"Mercator","Mercator",10,"Y"
30001,"MARTIN",10080,55,"1841","MR","",20-APR-12 09:25:23,18-APR-12 17:00:11,"Mercator","Mercator",10,"N"
30073,"MORENO",10043,12,"2650","MR","",21-JUN-12 18:18:37,19-APR-12 15:50:47,"Mercator","Mercator",274,"N"
30074,"CARPENTER",10044,12,"2650","MR","",21-JUN-12 18:18:37,19-APR-12 15:50:47,"Mercator","Mercator",274,"N"
30075,"FOX",10045,12,"2650","SIR","",21-JUN-12 18:18:37,19-APR-12 15:50:47,"Mercator","Mercator",274,"N"
30076,"HALL",10046,12,"2650","DR","",21-JUN-12 18:18:37,19-APR-12 15:50:47,"Mercator","Mercator",274,"N"
30077,"ROSE",10047,12,"2650","LORD","",21-JUN-12 18:18:37,19-APR-12 15:50:47,"Mercator","Mercator",274,"N"
30078,"COOK",10048,12,"2650","MISS","",21-JUN-12 18:18:37,19-APR-12 15:50:47,"Mercator","Mercator",274,"N"
30079,"HALL",10049,12,"2650","MISS","",21-JUN-12 18:18:37,19-APR-12 15:50:47,"Mercator","Mercator",274,"N"
30080,"MARSHALL",10050,12,"2650","MRS","",21-JUN-12 18:18:37,19-APR-12 15:50:47,"Mercator","Mercator",274,"N"
30081,"THOMAS",10051,12,"2650","MRS","",21-JUN-12 18:18:37,19-APR-12 15:50:47,"Mercator","Mercator",274,"N"
30082,"BROOKS",10052,12,"2650","MRS","",21-JUN-12 18:18:37,19-APR-12 15:50:47,"Mercator","Mercator",274,"N"
30083,"THOMPSON",10053,12,"2650","MR","",21-JUN-12 18:18:37,19-APR-12 15:50:47,"Mercator","Mercator",274,"N"
30084,"RODRIGUEZ",10054,12,"2650","MISS","",21-JUN-12 18:18:37,19-APR-12 15:50:47,"Mercator","Mercator",274,"N"
30085,"WELLS",10055,12,"2650","MR","",21-JUN-12 18:18:37,19-APR-12 15:50:47,"Mercator","Mercator",274,"N"
30086,"MARTINEZ",10056,12,"2650","SIR","",21-JUN-12 18:18:37,19-APR-12 15:50:47,"Mercator","Mercator",274,"N"
30087,"HERNANDEZ",10057,12,"2650","MR","",21-JUN-12 18:18:37,19-APR-12 15:50:47,"Mercator","Mercator",274,"N"
30088,"FLORES",10058,12,"2650","MRS","",21-JUN-12 18:18:37,19-APR-12 15:50:47,"Mercator","Mercator",274,"N"
30089,"SIMS",10059,12,"2650","SIR","",21-JUN-12 18:18:37,19-APR-12 15:50:47,"Mercator","Mercator",274,"N"
30090,"JORDAN",10060,12,"2650","MRS","",21-JUN-12 18:18:37,19-APR-12 15:50:47,"Mercator","Mercator",274,"N"
30091,"RAY",10061,12,"2740","MR","",21-JUN-12 18:18:37,19-APR-12 15:50:47,"Mercator","Mercator",274,"N"
30092,"SMITH",10062,12,"2740","LORD","",21-JUN-12 18:18:37,19-APR-12 15:50:47,"Mercator","Mercator",274,"N"
30093,"DANIELS",10063,12,"2650","DR","",21-JUN-12 18:18:37,19-APR-12 15:50:47,"Mercator","Mercator",274,"N"
30094,"PETERSON",10064,12,"2650","MR","",21-JUN-12 18:18:37,19-APR-12 15:50:47,"Mercator","Mercator",274,"N"
30095,"TURNER",10065,12,"2650","MR","",21-JUN-12 18:18:37,19-APR-12 15:50:47,"Mercator","Mercator",274,"N"
30096,"HAWKINS",10066,12,"2650","MR","",21-JUN-12 18:18:37,19-APR-12 15:50:47,"Mercator","Mercator",274,"N"
30097,"ROGERS",10067,12,"2650","MR","",21-JUN-12 18:18:37,19-APR-12 15:50:47,"Mercator","Mercator",274,"N"
30098,"OLSON",10068,12,"2650","MR","",21-JUN-12 18:18:37,19-APR-12 15:50:47,"Mercator","Mercator",274,"N"
30099,"HART",10069,12,"2650","MR","",21-JUN-12 18:18:37,19-APR-12 15:50:47,"Mercator","Mercator",274,"N"
30100,"VASQUEZ",10070,12,"2650","MISS","",21-JUN-12 18:18:37,19-APR-12 15:50:47,"Mercator","Mercator",274,"N"
30101,"PEARSON",10071,12,"2650","MRS","",21-JUN-12 18:18:37,19-APR-12 15:50:47,"Mercator","Mercator",274,"N"
30102,"REYNOLDS",10072,12,"2641","MRS","",21-JUN-12 18:18:37,19-APR-12 15:50:47,"Mercator","Mercator",274,"N"
30103,"BERRY",10073,12,"2771","SIR","",21-JUN-12 18:18:37,19-APR-12 15:50:47,"Mercator","Mercator",274,"N"
30104,"BERRY",10075,12,"6566","MRS","",21-JUN-12 18:18:37,19-APR-12 15:50:47,"Mercator","Mercator",274,"N"
30105,"PRICE",10076,12,"2660","MR","",21-JUN-12 18:18:37,19-APR-12 15:50:47,"Mercator","Mercator",274,"N"
30106,"TUCKER",10077,12,"2978","MISS","",21-JUN-12 18:18:37,19-APR-12 15:50:47,"Mercator","Mercator",274,"N"
30107,"TUCKER",10078,12,"1841","MRS","",21-JUN-12 18:18:37,19-APR-12 15:50:47,"Mercator","Mercator",274,"Y"
30108,"GONZALES",10079,12,"1841","MR","",21-JUN-12 18:18:37,19-APR-12 15:50:47,"Mercator","Mercator",274,"Y"
30109,"MARTIN",10080,12,"1841","MR","",21-JUN-12 18:18:37,19-APR-12 15:50:47,"Mercator","Mercator",274,"N"
30110,"WHEELER",10081,12,"1841","SIR","",21-JUN-12 18:18:37,19-APR-12 15:50:47,"Mercator","Mercator",274,"N"
30111,"SMITH",10082,12,"5068","DR","",21-JUN-12 18:18:37,19-APR-12 15:50:47,"Mercator","Mercator",274,"N"
30112,"KING",10083,12,"2660","MRS","",21-JUN-12 18:18:37,19-APR-12 15:50:47,"Mercator","Mercator",274,"N"
30113,"OLIVER",10084,12,"2660","MR","",21-JUN-12 18:18:37,19-APR-12 15:50:47,"Mercator","Mercator",274,"N"
30114,"SANCHEZ",10085,12,"1736","LORD","",21-JUN-12 18:18:37,19-APR-12 15:50:47,"Mercator","Mercator",274,"N"
30115,"HICKS",10086,12,"6831","MRS","",21-JUN-12 18:18:37,19-APR-12 15:50:47,"Mercator","Mercator",274,"N"
30116,"HILL",10087,12,"6831","DR","",21-JUN-12 18:18:37,19-APR-12 15:50:47,"Mercator","Mercator",274,"N"
30117,"LYNCH",10088,12,"3023","SIR","",21-JUN-12 18:18:37,19-APR-12 15:50:47,"Mercator","Mercator",274,"N"
30118,"KIM",10089,12,"1623","MR","",21-JUN-12 18:18:37,19-APR-12 15:50:47,"Mercator","Mercator",274,"N"
30119,"FRAZIER",10090,12,"1955","MR","",21-JUN-12 18:18:37,19-APR-12 15:50:47,"Mercator","Mercator",274,"N"
30120,"MOORE",10091,12,"1955","MR","",21-JUN-12 18:18:37,19-APR-12 15:50:47,"Mercator","Mercator",274,"N"
30121,"MORGAN",10092,12,"1959","MR","",21-JUN-12 18:18:38,19-APR-12 15:50:47,"Mercator","Mercator",274,"N"
30122,"WHITE",10093,12,"6013","MR","",21-JUN-12 18:18:38,19-APR-12 15:50:47,"Mercator","Mercator",274,"N"
30123,"TURNER",10094,12,"1963","LORD","",21-JUN-12 18:18:38,19-APR-12 15:50:47,"Mercator","Mercator",274,"N"
30124,"BURKE",10095,12,"6831","MISS","",21-JUN-12 18:18:38,19-APR-12 15:50:47,"Mercator","Mercator",274,"N"
30125,"BISHOP",10096,12,"5426","LORD","",21-JUN-12 18:18:38,19-APR-12 15:50:47,"Mercator","Mercator",274,"N"
30126,"BAILEY",10097,12,"5426","MRS","",21-JUN-12 18:18:38,19-APR-12 15:50:47,"Mercator","Mercator",274,"N"
30127,"OLIVER",10098,12,"2816","MR","",21-JUN-12 18:18:38,19-APR-12 15:50:47,"Mercator","Mercator",274,"N"
30128,"WELCH",10099,12,"1843","SIR","",21-JUN-12 18:18:38,19-APR-12 15:50:47,"Mercator","Mercator",274,"N"
30129,"HUDSON",10100,12,"3237","MISS","",21-JUN-12 18:18:38,19-APR-12 15:50:47,"Mercator","Mercator",274,"N"
30130,"STONE",10101,12,"3237","SIR","",21-JUN-12 18:18:38,19-APR-12 15:50:47,"Mercator","Mercator",274,"N"
30131,"JENKINS",10102,12,"3237","MRS","",21-JUN-12 18:18:38,19-APR-12 15:50:47,"Mercator","Mercator",274,"N"
30132,"JACKSON",10103,12,"3237","MISS","",21-JUN-12 18:18:38,19-APR-12 15:50:47,"Mercator","Mercator",274,"N"
30133,"LITTLE",10104,12,"5442","MISS","",21-JUN-12 18:18:38,19-APR-12 15:50:47,"Mercator","Mercator",274,"N"
30134,"HUGHES",10105,12,"2723","MR","",21-JUN-12 18:18:38,19-APR-12 15:50:47,"Mercator","Mercator",274,"Y"
30135,"FLORES",10106,12,"2723","MISS","",21-JUN-12 18:18:38,19-APR-12 15:50:47,"Mercator","Mercator",274,"N"
30136,"COOK",10107,12,"2660","MRS","",21-JUN-12 18:18:38,19-APR-12 15:50:47,"Mercator","Mercator",274,"N"
30137,"ORTIZ",10108,12,"2660","MR","",21-JUN-12 18:18:38,19-APR-12 15:50:47,"Mercator","Mercator",274,"N"
30138,"LYNCH20080610",10109,12,"2723","MR","B",21-JUN-12 18:18:38,19-APR-12 15:50:47,"Mercator","Mercator",274,"N"
30139,"BOURKE20080610",10110,12,"2723","MRS","C",21-JUN-12 18:18:38,19-APR-12 15:50:47,"Mercator","Mercator",274,"Y"
30140,"DIGWEED20080610",10111,12,"2723","EL SIGNORE","D",21-JUN-12 18:18:38,19-APR-12 15:50:47,"Mercator","Mercator",274,"Y"
30141,"RISSOLES20080610",10112,12,"2723","SIGNORA","PP",21-JUN-12 18:18:38,19-APR-12 15:50:47,"Mercator","Mercator",274,"N"
30142,"SAVELOY20080610",10113,12,"2723","PONTIFF","SS",21-JUN-12 18:18:38,19-APR-12 15:50:47,"Mercator","Mercator",274,"N"
30143,"ACTON",10114,12,"2723","","A",21-JUN-12 18:18:38,19-APR-12 15:50:47,"Mercator","Mercator",274,"N"
30144,"TEST",10115,12,"6723","T","T",21-JUN-12 18:18:38,19-APR-12 15:50:47,"Mercator","Mercator",274,"N"
30145,"BARNS",10132,81,"2723","MR","JB",27-MAR-15 10:27:55,26-APR-12 18:01:53,"Mercator","Mercator",11,"Y"
29674,"KING",10000,81,"2930","DR","",27-MAR-15 10:28:09,12-MAY-09 15:30:33,"Mercator","Mercator",291,"N"
29675,"FREEMAN",10001,81,"2660","MR","",27-MAR-15 10:28:09,12-MAY-09 15:30:33,"Mercator","Mercator",291,"N"
29676,"FOSTER",10002,81,"2660","MRS","",27-MAR-15 10:28:09,12-MAY-09 15:30:33,"Mercator","Mercator",291,"N"
29677,"DAY",10003,81,"2660","MR","",27-MAR-15 10:28:09,12-MAY-09 15:30:33,"Mercator","Mercator",291,"N"
29678,"COLLINS",10004,81,"2660","LORD","",27-MAR-15 10:28:09,12-MAY-09 15:30:33,"Mercator","Mercator",291,"N"
29679,"MORGAN",10005,81,"2660","MR","",27-MAR-15 10:28:09,12-MAY-09 15:30:33,"Mercator","Mercator",291,"N"
29680,"CARPENTER",10006,81,"2660","MRS","",27-MAR-15 10:28:09,12-MAY-09 15:30:33,"Mercator","Mercator",291,"N"
29681,"LONG",10007,81,"2660","MR","",27-MAR-15 10:28:09,12-MAY-09 15:30:33,"Mercator","Mercator",291,"N"
29682,"JONES",10008,81,"2660","MISS","",27-MAR-15 10:28:09,12-MAY-09 15:30:33,"Mercator","Mercator",291,"N"
29683,"OLIVER",10009,81,"2660","MISS","",27-MAR-15 10:28:09,12-MAY-09 15:30:33,"Mercator","Mercator",291,"N"
29684,"MONTGOMERY",10010,81,"2660","MR","",27-MAR-15 10:28:09,12-MAY-09 15:30:33,"Mercator","Mercator",291,"N"
29685,"GONZALES",10011,81,"2660","MRS","",27-MAR-15 10:28:09,12-MAY-09 15:30:33,"Mercator","Mercator",291,"N"
29686,"WELLS",10012,81,"2660","LORD","",27-MAR-15 10:28:09,12-MAY-09 15:30:33,"Mercator","Mercator",291,"N"
29687,"VASQUEZ",10013,81,"2660","MR","",27-MAR-15 10:28:09,12-MAY-09 15:30:33,"Mercator","Mercator",291,"N"
29688,"BERRY",10014,81,"2660","MR","",27-MAR-15 10:28:09,12-MAY-09 15:30:33,"Mercator","Mercator",291,"N"
29689,"REID",10015,81,"2660","DR","",27-MAR-15 10:28:09,12-MAY-09 15:30:33,"Mercator","Mercator",291,"N"
29690,"PEARSON",10016,81,"2660","MISS","",27-MAR-15 10:28:09,12-MAY-09 15:30:33,"Mercator","Mercator",291,"N"
29691,"RICHARDS",10017,81,"2660","MISS","",27-MAR-15 10:28:09,12-MAY-09 15:30:33,"Mercator","Mercator",291,"N"
29692,"RAMIREZ",10018,81,"2660","MRS","",27-MAR-15 10:28:09,12-MAY-09 15:30:33,"Mercator","Mercator",291,"N"
29693,"THOMAS",10019,81,"2660","MR","",27-MAR-15 10:28:09,12-MAY-09 15:30:33,"Mercator","Mercator",291,"N"
29694,"FISHER",10020,81,"2660","MR","",27-MAR-15 10:28:09,12-MAY-09 15:30:33,"Mercator","Mercator",291,"N"
29695,"CARR",10021,81,"2660","DR","",27-MAR-15 10:28:09,12-MAY-09 15:30:33,"Mercator","Mercator",291,"N"
29696,"STANLEY",10022,81,"2660","MR","",27-MAR-15 10:28:09,12-MAY-09 15:30:33,"Mercator","Mercator",291,"N"
29818,"FISHER",10020,80,"2660","MR","",20-MAY-11 15:59:20,20-MAY-11 15:45:39,"Mercator","Mercator",4,"N"
29819,"CARR",10021,80,"2660","DR","",20-MAY-11 15:59:20,20-MAY-11 15:45:39,"Mercator","Mercator",4,"N"
29820,"STANLEY",10022,80,"2660","MR","",20-MAY-11 15:59:20,20-MAY-11 15:45:39,"Mercator","Mercator",4,"N"
29821,"NELSON",10023,80,"2660","SIR","",20-MAY-11 15:59:20,20-MAY-11 15:45:39,"Mercator","Mercator",4,"N"
29822,"ELLIS",10024,80,"2660","MRS","",20-MAY-11 15:59:20,20-MAY-11 15:45:39,"Mercator","Mercator",4,"N"
29823,"RAY",10025,80,"2660","LORD","",20-MAY-11 15:59:20,20-MAY-11 15:45:39,"Mercator","Mercator",4,"N"
29824,"DIAZ",10026,80,"2660","SIR","",20-MAY-11 15:59:20,20-MAY-11 15:45:39,"Mercator","Mercator",4,"N"
29825,"ANDREWS",10027,80,"2642","MR","",20-MAY-11 15:59:20,20-MAY-11 15:45:39,"Mercator","Mercator",4,"N"
29826,"MORRIS",10028,80,"2642","MRS","",20-MAY-11 15:59:20,20-MAY-11 15:45:39,"Mercator","Mercator",4,"N"
29827,"HARRIS",10029,80,"2642","MR","",20-MAY-11 15:59:20,20-MAY-11 15:45:39,"Mercator","Mercator",4,"N"
29828,"HOWARD",10030,80,"2642","LORD","",20-MAY-11 15:59:20,20-MAY-11 15:45:39,"Mercator","Mercator",4,"N"
29829,"HENDERSON",10031,80,"2642","MR","",20-MAY-11 15:59:20,20-MAY-11 15:45:39,"Mercator","Mercator",4,"N"
29830,"FIELDS",10032,80,"2642","MRS","",20-MAY-11 15:59:20,20-MAY-11 15:45:39,"Mercator","Mercator",4,"N"
29831,"WELCH",10033,80,"2642","MRS","",20-MAY-11 15:59:20,20-MAY-11 15:45:39,"Mercator","Mercator",4,"N"
29832,"SHAW",10034,80,"2642","MR","",20-MAY-11 15:59:20,20-MAY-11 15:45:39,"Mercator","Mercator",4,"N"
29833,"WELLS",10035,80,"2642","LORD","",20-MAY-11 15:59:20,20-MAY-11 15:45:39,"Mercator","Mercator",4,"N"
29834,"ARMSTRONG",10036,80,"2642","SIR","",20-MAY-11 15:59:20,20-MAY-11 15:45:39,"Mercator","Mercator",4,"N"
29835,"CARROLL",10037,80,"2642","MRS","",20-MAY-11 15:59:20,20-MAY-11 15:45:39,"Mercator","Mercator",4,"N"
29836,"LARSON",10038,80,"2642","MR","",20-MAY-11 15:59:20,20-MAY-11 15:45:39,"Mercator","Mercator",4,"N"
29837,"DANIELS",10039,80,"2642","MRS","",20-MAY-11 15:59:20,20-MAY-11 15:45:39,"Mercator","Mercator",4,"N"
29838,"SIMS",10040,80,"2642","DR","",20-MAY-11 15:59:20,20-MAY-11 15:45:39,"Mercator","Mercator",4,"N"
29839,"GARDNER",10041,80,"2642","MRS","",20-MAY-11 15:59:20,20-MAY-11 15:45:39,"Mercator","Mercator",4,"N"
29840,"BARNES",10042,80,"2642","MR","",20-MAY-11 15:59:20,20-MAY-11 15:45:39,"Mercator","Mercator",4,"N"
29841,"MORENO",10043,80,"2650","MR","",20-MAY-11 15:59:20,20-MAY-11 15:45:39,"Mercator","Mercator",4,"N"
29842,"CARPENTER",10044,80,"2650","MR","",20-MAY-11 15:59:20,20-MAY-11 15:45:39,"Mercator","Mercator",4,"N"
29843,"FOX",10045,80,"2650","SIR","",20-MAY-11 15:59:20,20-MAY-11 15:45:39,"Mercator","Mercator",4,"N"
29844,"HALL",10046,80,"2650","DR","",20-MAY-11 15:59:20,20-MAY-11 15:45:39,"Mercator","Mercator",4,"N"
29845,"ROSE",10047,80,"2650","LORD","",20-MAY-11 15:59:20,20-MAY-11 15:45:39,"Mercator","Mercator",4,"N"
29846,"COOK",10048,80,"2650","MISS","",20-MAY-11 15:59:20,20-MAY-11 15:45:39,"Mercator","Mercator",4,"N"
29847,"HALL",10049,80,"2650","MISS","",20-MAY-11 15:59:20,20-MAY-11 15:45:39,"Mercator","Mercator",4,"N"
29848,"MARSHALL",10050,80,"2650","MRS","",20-MAY-11 15:59:20,20-MAY-11 15:45:39,"Mercator","Mercator",4,"N"
29849,"THOMAS",10051,80,"2650","MRS","",20-MAY-11 15:59:20,20-MAY-11 15:45:40,"Mercator","Mercator",4,"N"
29850,"BROOKS",10052,80,"2650","MRS","",20-MAY-11 15:59:20,20-MAY-11 15:45:40,"Mercator","Mercator",4,"N"
29851,"THOMPSON",10053,80,"2650","MR","",20-MAY-11 15:59:20,20-MAY-11 15:45:40,"Mercator","Mercator",4,"N"
29852,"RODRIGUEZ",10054,80,"2650","MISS","",20-MAY-11 15:59:20,20-MAY-11 15:45:40,"Mercator","Mercator",4,"N"
29853,"WELLS",10055,80,"2650","MR","",20-MAY-11 15:59:20,20-MAY-11 15:45:40,"Mercator","Mercator",4,"N"
29854,"MARTINEZ",10056,80,"2650","SIR","",20-MAY-11 15:59:20,20-MAY-11 15:45:40,"Mercator","Mercator",4,"N"
29855,"HERNANDEZ",10057,80,"2650","MR","",20-MAY-11 15:59:20,20-MAY-11 15:45:40,"Mercator","Mercator",4,"N"
29856,"FLORES",10058,80,"2650","MRS","",20-MAY-11 15:59:20,20-MAY-11 15:45:40,"Mercator","Mercator",4,"N"
29857,"SIMS",10059,80,"2650","SIR","",20-MAY-11 15:59:20,20-MAY-11 15:45:40,"Mercator","Mercator",4,"N"
29858,"JORDAN",10060,80,"2650","MRS","",20-MAY-11 15:59:20,20-MAY-11 15:45:40,"Mercator","Mercator",4,"N"
29859,"RAY",10061,80,"2740","MR","",20-MAY-11 15:59:20,20-MAY-11 15:45:40,"Mercator","Mercator",4,"N"
29860,"SMITH",10062,80,"2740","LORD","",20-MAY-11 15:59:20,20-MAY-11 15:45:40,"Mercator","Mercator",4,"N"
29861,"DANIELS",10063,80,"2650","DR","",20-MAY-11 15:59:20,20-MAY-11 15:45:40,"Mercator","Mercator",4,"N"
29862,"PETERSON",10064,80,"2650","MR","",20-MAY-11 15:59:20,20-MAY-11 15:45:40,"Mercator","Mercator",4,"N"
29863,"TURNER",10065,80,"2650","MR","",20-MAY-11 15:59:20,20-MAY-11 15:45:40,"Mercator","Mercator",4,"N"
29864,"HAWKINS",10066,80,"2650","MR","",20-MAY-11 15:59:20,20-MAY-11 15:45:40,"Mercator","Mercator",4,"N"
29865,"ROGERS",10067,80,"2650","MR","",20-MAY-11 15:59:20,20-MAY-11 15:45:40,"Mercator","Mercator",4,"N"
29866,"OLSON",10068,80,"2650","MR","",20-MAY-11 15:59:20,20-MAY-11 15:45:40,"Mercator","Mercator",4,"N"
29867,"HART",10069,80,"2650","MR","",20-MAY-11 15:59:20,20-MAY-11 15:45:40,"Mercator","Mercator",4,"N"
29868,"VASQUEZ",10070,80,"2650","MISS","",20-MAY-11 15:59:20,20-MAY-11 15:45:40,"Mercator","Mercator",4,"N"
29869,"PEARSON",10071,80,"2650","MRS","",20-MAY-11 15:59:20,20-MAY-11 15:45:40,"Mercator","Mercator",4,"N"
29870,"REYNOLDS",10072,80,"2641","MRS","",20-MAY-11 15:59:20,20-MAY-11 15:45:40,"Mercator","Mercator",4,"N"
29871,"BERRY",10073,80,"2771","SIR","",20-MAY-11 15:59:20,20-MAY-11 15:45:40,"Mercator","Mercator",4,"N"
29872,"BERRY",10075,80,"6566","MRS","",20-MAY-11 15:59:20,20-MAY-11 15:45:40,"Mercator","Mercator",4,"N"
29873,"PRICE",10076,80,"2660","MR","",20-MAY-11 15:59:20,20-MAY-11 15:45:40,"Mercator","Mercator",4,"N"
29874,"TUCKER",10077,80,"2978","MISS","",20-MAY-11 15:59:20,20-MAY-11 15:45:40,"Mercator","Mercator",4,"N"
29875,"TUCKER",10078,80,"1841","MRS","",20-MAY-11 15:59:20,20-MAY-11 15:45:40,"Mercator","Mercator",4,"Y"
29876,"GONZALES",10079,80,"1841","MR","",20-MAY-11 15:59:20,20-MAY-11 15:45:40,"Mercator","Mercator",4,"Y"
29877,"MARTIN",10080,80,"1841","MR","",20-MAY-11 15:59:20,20-MAY-11 15:45:40,"Mercator","Mercator",4,"N"
29878,"WHEELER",10081,80,"1841","SIR","",20-MAY-11 15:59:20,20-MAY-11 15:45:40,"Mercator","Mercator",4,"N"
29879,"SMITH",10082,80,"5068","DR","",20-MAY-11 15:59:20,20-MAY-11 15:45:40,"Mercator","Mercator",4,"N"
29880,"KING",10083,80,"2660","MRS","",20-MAY-11 15:59:20,20-MAY-11 15:45:40,"Mercator","Mercator",4,"N"
29881,"OLIVER",10084,80,"2660","MR","",20-MAY-11 15:59:20,20-MAY-11 15:45:40,"Mercator","Mercator",4,"N"
29882,"SANCHEZ",10085,80,"1736","LORD","",20-MAY-11 15:59:20,20-MAY-11 15:45:40,"Mercator","Mercator",4,"N"
29883,"HICKS",10086,80,"6831","MRS","",20-MAY-11 15:59:20,20-MAY-11 15:45:40,"Mercator","Mercator",4,"N"
29884,"HILL",10087,80,"6831","DR","",20-MAY-11 15:59:20,20-MAY-11 15:45:40,"Mercator","Mercator",4,"N"
29885,"LYNCH",10088,80,"3023","SIR","",20-MAY-11 15:59:20,20-MAY-11 15:45:40,"Mercator","Mercator",4,"N"
29886,"KIM",10089,80,"1623","MR","",20-MAY-11 15:59:20,20-MAY-11 15:45:40,"Mercator","Mercator",4,"N"
29887,"FRAZIER",10090,80,"1955","MR","",20-MAY-11 15:59:20,20-MAY-11 15:45:40,"Mercator","Mercator",4,"N"
29888,"MOORE",10091,80,"1955","MR","",20-MAY-11 15:59:20,20-MAY-11 15:45:40,"Mercator","Mercator",4,"N"
29889,"MORGAN",10092,80,"1959","MR","",20-MAY-11 15:59:20,20-MAY-11 15:45:40,"Mercator","Mercator",4,"N"
29890,"WHITE",10093,80,"6013","MR","",20-MAY-11 15:59:20,20-MAY-11 15:45:40,"Mercator","Mercator",4,"N"
29891,"TURNER",10094,80,"1963","LORD","",20-MAY-11 15:59:20,20-MAY-11 15:45:40,"Mercator","Mercator",4,"N"
29892,"BURKE",10095,80,"6831","MISS","",20-MAY-11 15:59:20,20-MAY-11 15:45:40,"Mercator","Mercator",4,"N"
29893,"BISHOP",10096,80,"5426","LORD","",20-MAY-11 15:59:20,20-MAY-11 15:45:40,"Mercator","Mercator",4,"N"
29894,"BAILEY",10097,80,"5426","MRS","",20-MAY-11 15:59:20,20-MAY-11 15:45:40,"Mercator","Mercator",4,"N"
29697,"NELSON",10023,81,"2660","SIR","",27-MAR-15 10:28:09,12-MAY-09 15:30:33,"Mercator","Mercator",291,"N"
29698,"ELLIS",10024,81,"2660","MRS","",27-MAR-15 10:28:09,12-MAY-09 15:30:33,"Mercator","Mercator",291,"N"
29699,"RAY",10025,81,"2660","LORD","",27-MAR-15 10:28:09,12-MAY-09 15:30:33,"Mercator","Mercator",291,"N"
29700,"DIAZ",10026,81,"2660","SIR","",27-MAR-15 10:28:09,12-MAY-09 15:30:33,"Mercator","Mercator",291,"N"
29701,"ANDREWS",10027,81,"2642","MR","",27-MAR-15 10:28:09,12-MAY-09 15:30:33,"Mercator","Mercator",291,"N"
29702,"MORRIS",10028,81,"2642","MRS","",27-MAR-15 10:28:09,12-MAY-09 15:30:33,"Mercator","Mercator",291,"N"
29703,"HARRIS",10029,81,"2642","MR","",27-MAR-15 10:28:09,12-MAY-09 15:30:33,"Mercator","Mercator",291,"N"
29704,"HOWARD",10030,81,"2642","LORD","",27-MAR-15 10:28:09,12-MAY-09 15:30:33,"Mercator","Mercator",291,"N"
29705,"HENDERSON",10031,81,"2642","MR","",27-MAR-15 10:28:09,12-MAY-09 15:30:33,"Mercator","Mercator",291,"N"
29706,"FIELDS",10032,81,"2642","MRS","",27-MAR-15 10:28:09,12-MAY-09 15:30:33,"Mercator","Mercator",291,"N"
29707,"WELCH",10033,81,"2642","MRS","",27-MAR-15 10:28:09,12-MAY-09 15:30:33,"Mercator","Mercator",291,"N"
29708,"SHAW",10034,81,"2642","MR","",27-MAR-15 10:28:09,12-MAY-09 15:30:33,"Mercator","Mercator",291,"N"
29709,"WELLS",10035,81,"2642","LORD","",27-MAR-15 10:28:09,12-MAY-09 15:30:33,"Mercator","Mercator",291,"N"
29710,"ARMSTRONG",10036,81,"2642","SIR","",27-MAR-15 10:28:09,12-MAY-09 15:30:33,"Mercator","Mercator",291,"N"
29711,"CARROLL",10037,81,"2642","MRS","",27-MAR-15 10:28:09,12-MAY-09 15:30:33,"Mercator","Mercator",291,"N"
29712,"LARSON",10038,81,"2642","MR","",27-MAR-15 10:28:09,12-MAY-09 15:30:33,"Mercator","Mercator",291,"N"
29713,"DANIELS",10039,81,"2642","MRS","",27-MAR-15 10:28:09,12-MAY-09 15:30:33,"Mercator","Mercator",291,"N"
29714,"SIMS",10040,81,"2642","DR","",27-MAR-15 10:28:09,12-MAY-09 15:30:33,"Mercator","Mercator",291,"N"
29715,"GARDNER",10041,81,"2642","MRS","",27-MAR-15 10:28:09,12-MAY-09 15:30:33,"Mercator","Mercator",291,"N"
29716,"BARNES",10042,81,"2642","MR","",27-MAR-15 10:28:09,12-MAY-09 15:30:33,"Mercator","Mercator",291,"N"
29717,"MORENO",10043,81,"2650","MR","",27-MAR-15 10:28:09,12-MAY-09 15:30:33,"Mercator","Mercator",291,"N"
29718,"CARPENTER",10044,81,"2650","MR","",27-MAR-15 10:28:09,12-MAY-09 15:30:33,"Mercator","Mercator",291,"N"
29719,"FOX",10045,81,"2650","SIR","",27-MAR-15 10:28:09,12-MAY-09 15:30:33,"Mercator","Mercator",291,"N"
29720,"HALL",10046,81,"2650","DR","",27-MAR-15 10:28:09,12-MAY-09 15:30:33,"Mercator","Mercator",291,"N"
29721,"ROSE",10047,81,"2650","LORD","",27-MAR-15 10:28:09,12-MAY-09 15:30:33,"Mercator","Mercator",291,"N"
29722,"COOK",10048,81,"2650","MISS","",27-MAR-15 10:28:09,12-MAY-09 15:30:33,"Mercator","Mercator",291,"N"
29723,"HALL",10049,81,"2650","MISS","",27-MAR-15 10:28:09,12-MAY-09 15:30:33,"Mercator","Mercator",291,"N"
29724,"MARSHALL",10050,81,"2650","MRS","",27-MAR-15 10:28:09,12-MAY-09 15:30:33,"Mercator","Mercator",291,"N"
29725,"THOMAS",10051,81,"2650","MRS","",27-MAR-15 10:28:09,12-MAY-09 15:30:33,"Mercator","Mercator",291,"N"
29726,"BROOKS",10052,81,"2650","MRS","",27-MAR-15 10:28:09,12-MAY-09 15:30:33,"Mercator","Mercator",291,"N"
29727,"THOMPSON",10053,81,"2650","MR","",27-MAR-15 10:28:09,12-MAY-09 15:30:33,"Mercator","Mercator",291,"N"
29728,"RODRIGUEZ",10054,81,"2650","MISS","",27-MAR-15 10:28:09,12-MAY-09 15:30:33,"Mercator","Mercator",291,"N"
29729,"WELLS",10055,81,"2650","MR","",27-MAR-15 10:28:09,12-MAY-09 15:30:33,"Mercator","Mercator",291,"N"
29730,"MARTINEZ",10056,81,"2650","SIR","",27-MAR-15 10:28:09,12-MAY-09 15:30:33,"Mercator","Mercator",291,"N"
29731,"HERNANDEZ",10057,81,"2650","MR","",27-MAR-15 10:28:09,12-MAY-09 15:30:33,"Mercator","Mercator",291,"N"
29732,"FLORES",10058,81,"2650","MRS","",27-MAR-15 10:28:09,12-MAY-09 15:30:33,"Mercator","Mercator",291,"N"
29733,"SIMS",10059,81,"2650","SIR","",27-MAR-15 10:28:09,12-MAY-09 15:30:33,"Mercator","Mercator",291,"N"
29734,"JORDAN",10060,81,"2650","MRS","",27-MAR-15 10:28:09,12-MAY-09 15:30:33,"Mercator","Mercator",291,"N"
29735,"RAY",10061,81,"2740","MR","",27-MAR-15 10:28:09,12-MAY-09 15:30:33,"Mercator","Mercator",291,"N"
29736,"SMITH",10062,81,"2740","LORD","",27-MAR-15 10:28:09,12-MAY-09 15:30:33,"Mercator","Mercator",291,"N"
29737,"DANIELS",10063,81,"2650","DR","",27-MAR-15 10:28:09,12-MAY-09 15:30:33,"Mercator","Mercator",291,"N"
29738,"PETERSON",10064,81,"2650","MR","",27-MAR-15 10:28:09,12-MAY-09 15:30:33,"Mercator","Mercator",291,"N"
29739,"TURNER",10065,81,"2650","MR","",27-MAR-15 10:28:09,12-MAY-09 15:30:33,"Mercator","Mercator",291,"N"
29740,"HAWKINS",10066,81,"2650","MR","",27-MAR-15 10:28:09,12-MAY-09 15:30:33,"Mercator","Mercator",291,"N"
29741,"ROGERS",10067,81,"2650","MR","",27-MAR-15 10:28:09,12-MAY-09 15:30:33,"Mercator","Mercator",291,"N"
29742,"OLSON",10068,81,"2650","MR","",27-MAR-15 10:28:09,12-MAY-09 15:30:33,"Mercator","Mercator",291,"N"
29743,"HART",10069,81,"2650","MR","",27-MAR-15 10:28:09,12-MAY-09 15:30:33,"Mercator","Mercator",291,"N"
29744,"VASQUEZ",10070,81,"2650","MISS","",27-MAR-15 10:28:09,12-MAY-09 15:30:33,"Mercator","Mercator",291,"N"
29745,"PEARSON",10071,81,"2650","MRS","",27-MAR-15 10:28:09,12-MAY-09 15:30:33,"Mercator","Mercator",291,"N"
29746,"REYNOLDS",10072,81,"2641","MRS","",27-MAR-15 10:28:09,12-MAY-09 15:30:33,"Mercator","Mercator",291,"N"
29747,"BERRY",10073,81,"2771","SIR","",27-MAR-15 10:28:09,12-MAY-09 15:30:33,"Mercator","Mercator",291,"N"
29748,"BERRY",10075,81,"6566","MRS","",27-MAR-15 10:28:09,12-MAY-09 15:30:33,"Mercator","Mercator",291,"N"
29749,"PRICE",10076,81,"2660","MR","",27-MAR-15 10:28:09,12-MAY-09 15:30:33,"Mercator","Mercator",291,"N"
29750,"TUCKER",10077,81,"2978","MISS","",27-MAR-15 10:28:09,12-MAY-09 15:30:33,"Mercator","Mercator",291,"N"
29751,"TUCKER",10078,81,"1841","MRS","",27-MAR-15 10:28:09,12-MAY-09 15:30:33,"Mercator","Mercator",291,"Y"
29752,"GONZALES",10079,81,"1841","MR","",27-MAR-15 10:28:09,12-MAY-09 15:30:33,"Mercator","Mercator",291,"Y"
29753,"MARTIN",10080,81,"1841","MR","",27-MAR-15 10:28:09,12-MAY-09 15:30:33,"Mercator","Mercator",291,"N"
29754,"WHEELER",10081,81,"1841","SIR","",27-MAR-15 10:28:09,12-MAY-09 15:30:33,"Mercator","Mercator",291,"N"
29755,"SMITH",10082,81,"5068","DR","",27-MAR-15 10:28:09,12-MAY-09 15:30:33,"Mercator","Mercator",291,"N"
29756,"KING",10083,81,"2660","MRS","",27-MAR-15 10:28:09,12-MAY-09 15:30:33,"Mercator","Mercator",291,"N"
29757,"OLIVER",10084,81,"2660","MR","",27-MAR-15 10:28:09,12-MAY-09 15:30:33,"Mercator","Mercator",291,"N"
29758,"SANCHEZ",10085,81,"1736","LORD","",27-MAR-15 10:28:09,12-MAY-09 15:30:33,"Mercator","Mercator",291,"N"
29759,"HICKS",10086,81,"6831","MRS","",27-MAR-15 10:28:09,12-MAY-09 15:30:33,"Mercator","Mercator",291,"N"
29760,"HILL",10087,81,"6831","DR","",27-MAR-15 10:28:09,12-MAY-09 15:30:33,"Mercator","Mercator",291,"N"
29761,"LYNCH",10088,81,"3023","SIR","",27-MAR-15 10:28:09,12-MAY-09 15:30:33,"Mercator","Mercator",291,"N"
29762,"KIM",10089,81,"1623","MR","",27-MAR-15 10:28:09,12-MAY-09 15:30:33,"Mercator","Mercator",291,"N"
29763,"FRAZIER",10090,81,"1955","MR","",27-MAR-15 10:28:09,12-MAY-09 15:30:33,"Mercator","Mercator",291,"N"
29764,"MOORE",10091,81,"1955","MR","",27-MAR-15 10:28:09,12-MAY-09 15:30:33,"Mercator","Mercator",291,"N"
29765,"MORGAN",10092,81,"1959","MR","",27-MAR-15 10:28:09,12-MAY-09 15:30:33,"Mercator","Mercator",291,"N"
29766,"WHITE",10093,81,"6013","MR","",27-MAR-15 10:28:09,12-MAY-09 15:30:33,"Mercator","Mercator",291,"N"
29767,"TURNER",10094,81,"1963","LORD","",27-MAR-15 10:28:09,12-MAY-09 15:30:33,"Mercator","Mercator",291,"N"
29768,"BURKE",10095,81,"6831","MISS","",27-MAR-15 10:28:09,12-MAY-09 15:30:33,"Mercator","Mercator",291,"N"
29769,"BISHOP",10096,81,"5426","LORD","",27-MAR-15 10:28:09,12-MAY-09 15:30:33,"Mercator","Mercator",291,"N"
29770,"BAILEY",10097,81,"5426","MRS","",27-MAR-15 10:28:09,12-MAY-09 15:30:33,"Mercator","Mercator",291,"N"
29771,"OLIVER",10098,81,"2816","MR","",27-MAR-15 10:28:09,12-MAY-09 15:30:33,"Mercator","Mercator",291,"N"
29772,"WELCH",10099,81,"1843","SIR","",27-MAR-15 10:28:09,12-MAY-09 15:30:33,"Mercator","Mercator",291,"N"
29773,"HUDSON",10100,81,"3237","MISS","",27-MAR-15 10:28:09,12-MAY-09 15:30:33,"Mercator","Mercator",291,"N"
29774,"STONE",10101,81,"3237","SIR","",27-MAR-15 10:28:09,12-MAY-09 15:30:33,"Mercator","Mercator",291,"N"
29775,"JENKINS",10102,81,"3237","MRS","",27-MAR-15 10:28:09,12-MAY-09 15:30:33,"Mercator","Mercator",291,"N"
29776,"JACKSON",10103,81,"3237","MISS","",27-MAR-15 10:28:09,12-MAY-09 15:30:33,"Mercator","Mercator",291,"N"
29777,"LITTLE",10104,81,"5442","MISS","",27-MAR-15 10:28:09,12-MAY-09 15:30:33,"Mercator","Mercator",291,"N"
29778,"HUGHES",10105,81,"2723","MR","",27-MAR-15 10:28:09,12-MAY-09 15:30:33,"Mercator","Mercator",291,"Y"
29779,"FLORES",10106,81,"2723","MISS","",27-MAR-15 10:28:09,12-MAY-09 15:30:33,"Mercator","Mercator",291,"N"
29780,"COOK",10107,81,"2660","MRS","",27-MAR-15 10:28:09,12-MAY-09 15:30:33,"Mercator","Mercator",291,"N"
29781,"ORTIZ",10108,81,"2660","MR","",27-MAR-15 10:28:09,12-MAY-09 15:30:33,"Mercator","Mercator",291,"N"
29782,"LYNCH20080610",10109,81,"2723","MR","B",27-MAR-15 10:28:09,12-MAY-09 15:30:33,"Mercator","Mercator",291,"N"
29783,"BOURKE20080610",10110,81,"2723","MRS","C",27-MAR-15 10:28:09,12-MAY-09 15:30:33,"Mercator","Mercator",291,"Y"
29784,"GHERKIN20081028",10111,81,"2723","MONSIGNORE","GG",27-MAR-15 10:28:09,12-MAY-09 15:30:33,"Mercator","Mercator",292,"Y"
29785,"RISSOLES20080610",10112,81,"2723","SIGNORA","PP",27-MAR-15 10:28:09,12-MAY-09 15:30:33,"Mercator","Mercator",291,"N"
29786,"SAVELOY20080610",10113,81,"2723","PONTIFF","SS",27-MAR-15 10:28:09,12-MAY-09 15:30:33,"Mercator","Mercator",291,"N"
29895,"OLIVER",10098,80,"2816","MR","",20-MAY-11 15:59:20,20-MAY-11 15:45:40,"Mercator","Mercator",4,"N"
29896,"WELCH",10099,80,"1843","SIR","",20-MAY-11 15:59:20,20-MAY-11 15:45:40,"Mercator","Mercator",4,"N"
29897,"HUDSON",10100,80,"3237","MISS","",20-MAY-11 15:59:20,20-MAY-11 15:45:40,"Mercator","Mercator",4,"N"
29898,"STONE",10101,80,"3237","SIR","",20-MAY-11 15:59:20,20-MAY-11 15:45:40,"Mercator","Mercator",4,"N"
29899,"JENKINS",10102,80,"3237","MRS","",20-MAY-11 15:59:20,20-MAY-11 15:45:40,"Mercator","Mercator",4,"N"
29900,"JACKSON",10103,80,"3237","MISS","",20-MAY-11 15:59:20,20-MAY-11 15:45:40,"Mercator","Mercator",4,"N"
29901,"LITTLE",10104,80,"5442","MISS","",20-MAY-11 15:59:20,20-MAY-11 15:45:40,"Mercator","Mercator",4,"N"
29902,"HUGHES",10105,80,"2723","MR","",20-MAY-11 15:59:20,20-MAY-11 15:45:40,"Mercator","Mercator",4,"Y"
29903,"FLORES",10106,80,"2723","MISS","",20-MAY-11 15:59:20,20-MAY-11 15:45:40,"Mercator","Mercator",4,"N"
29904,"COOK",10107,80,"2660","MRS","",20-MAY-11 15:59:20,20-MAY-11 15:45:40,"Mercator","Mercator",4,"N"
29905,"ORTIZ",10108,80,"2660","MR","",20-MAY-11 15:59:20,20-MAY-11 15:45:40,"Mercator","Mercator",4,"N"
30002,"WHEELER",10081,55,"1841","SIR","",20-APR-12 09:25:23,18-APR-12 17:00:11,"Mercator","Mercator",10,"N"
30003,"SMITH",10082,55,"5068","DR","",20-APR-12 09:25:23,18-APR-12 17:00:11,"Mercator","Mercator",10,"N"
30004,"KING",10083,55,"2660","MRS","",20-APR-12 09:25:23,18-APR-12 17:00:11,"Mercator","Mercator",10,"N"
30005,"OLIVER",10084,55,"2660","MR","",20-APR-12 09:25:23,18-APR-12 17:00:11,"Mercator","Mercator",10,"N"
30006,"SANCHEZ",10085,55,"1736","LORD","",20-APR-12 09:25:23,18-APR-12 17:00:11,"Mercator","Mercator",10,"N"
30007,"HICKS",10086,55,"6831","MRS","",20-APR-12 09:25:23,18-APR-12 17:00:11,"Mercator","Mercator",10,"N"
30008,"HILL",10087,55,"6831","DR","",20-APR-12 09:25:23,18-APR-12 17:00:11,"Mercator","Mercator",10,"N"
30009,"LYNCH",10088,55,"3023","SIR","",20-APR-12 09:25:23,18-APR-12 17:00:11,"Mercator","Mercator",10,"N"
30010,"KIM",10089,55,"1623","MR","",20-APR-12 09:25:23,18-APR-12 17:00:11,"Mercator","Mercator",10,"N"
30011,"FRAZIER",10090,55,"1955","MR","",20-APR-12 09:25:23,18-APR-12 17:00:11,"Mercator","Mercator",10,"N"
30012,"MOORE",10091,55,"1955","MR","",20-APR-12 09:25:23,18-APR-12 17:00:11,"Mercator","Mercator",10,"N"
30013,"MORGAN",10092,55,"1959","MR","",20-APR-12 09:25:23,18-APR-12 17:00:11,"Mercator","Mercator",10,"N"
30014,"WHITE",10093,55,"6013","MR","",20-APR-12 09:25:23,18-APR-12 17:00:11,"Mercator","Mercator",10,"N"
30015,"TURNER",10094,55,"1963","LORD","",20-APR-12 09:25:23,18-APR-12 17:00:11,"Mercator","Mercator",10,"N"
30016,"BURKE",10095,55,"6831","MISS","",20-APR-12 09:25:23,18-APR-12 17:00:11,"Mercator","Mercator",10,"N"
30017,"BISHOP",10096,55,"5426","LORD","",20-APR-12 09:25:23,18-APR-12 17:00:11,"Mercator","Mercator",10,"N"
30018,"BAILEY",10097,55,"5426","MRS","",20-APR-12 09:25:23,18-APR-12 17:00:11,"Mercator","Mercator",10,"N"
30019,"OLIVER",10098,55,"2816","MR","",20-APR-12 09:25:23,18-APR-12 17:00:11,"Mercator","Mercator",10,"N"
30020,"WELCH",10099,55,"1843","SIR","",20-APR-12 09:25:23,18-APR-12 17:00:11,"Mercator","Mercator",10,"N"
30021,"HUDSON",10100,55,"3237","MISS","",20-APR-12 09:25:23,18-APR-12 17:00:11,"Mercator","Mercator",10,"N"
30022,"STONE",10101,55,"3237","SIR","",20-APR-12 09:25:23,18-APR-12 17:00:11,"Mercator","Mercator",10,"N"
30023,"JENKINS",10102,55,"3237","MRS","",20-APR-12 09:25:23,18-APR-12 17:00:11,"Mercator","Mercator",10,"N"
30024,"JACKSON",10103,55,"3237","MISS","",20-APR-12 09:25:23,18-APR-12 17:00:11,"Mercator","Mercator",10,"N"
30025,"LITTLE",10104,55,"5442","MISS","",20-APR-12 09:25:23,18-APR-12 17:00:11,"Mercator","Mercator",10,"N"
30026,"HUGHES",10105,55,"2723","MR","",20-APR-12 09:25:23,18-APR-12 17:00:11,"Mercator","Mercator",10,"Y"
30027,"FLORES",10106,55,"2723","MISS","",20-APR-12 09:25:23,18-APR-12 17:00:11,"Mercator","Mercator",10,"N"
30028,"COOK",10107,55,"2660","MRS","",20-APR-12 09:25:23,18-APR-12 17:00:11,"Mercator","Mercator",10,"N"
30029,"ORTIZ",10108,55,"2660","MR","",20-APR-12 09:25:23,18-APR-12 17:00:11,"Mercator","Mercator",10,"N"
30030,"KING",10000,12,"2930","DR","",21-JUN-12 18:18:37,19-APR-12 15:50:47,"Mercator","Mercator",274,"N"
30031,"FREEMAN",10001,12,"2660","MR","",21-JUN-12 18:18:37,19-APR-12 15:50:47,"Mercator","Mercator",274,"Y"
30032,"FOSTER",10002,12,"2660","MRS","",21-JUN-12 18:18:37,19-APR-12 15:50:47,"Mercator","Mercator",274,"N"
30033,"DAY",10003,12,"2660","MR","",21-JUN-12 18:18:37,19-APR-12 15:50:47,"Mercator","Mercator",274,"N"
30034,"COLLINS",10004,12,"2660","LORD","",21-JUN-12 18:18:37,19-APR-12 15:50:47,"Mercator","Mercator",274,"N"
30035,"MORGAN",10005,12,"2660","MR","",21-JUN-12 18:18:37,19-APR-12 15:50:47,"Mercator","Mercator",274,"N"
30036,"CARPENTER",10006,12,"2660","MRS","",21-JUN-12 18:18:37,19-APR-12 15:50:47,"Mercator","Mercator",274,"N"
30037,"LONG",10007,12,"2660","MR","",21-JUN-12 18:18:37,19-APR-12 15:50:47,"Mercator","Mercator",274,"N"
30038,"JONES",10008,12,"2660","MISS","",21-JUN-12 18:18:37,19-APR-12 15:50:47,"Mercator","Mercator",274,"N"
30039,"OLIVER",10009,12,"2660","MISS","",21-JUN-12 18:18:37,19-APR-12 15:50:47,"Mercator","Mercator",274,"N"
30040,"MONTGOMERY",10010,12,"2660","MR","",21-JUN-12 18:18:37,19-APR-12 15:50:47,"Mercator","Mercator",274,"N"
30041,"GONZALES",10011,12,"2660","MRS","",21-JUN-12 18:18:37,19-APR-12 15:50:47,"Mercator","Mercator",274,"N"
30042,"WELLS",10012,12,"2660","LORD","",21-JUN-12 18:18:37,19-APR-12 15:50:47,"Mercator","Mercator",274,"N"
30043,"VASQUEZ",10013,12,"2660","MR","",21-JUN-12 18:18:37,19-APR-12 15:50:47,"Mercator","Mercator",274,"N"
30044,"BERRY",10014,12,"2660","MR","",21-JUN-12 18:18:37,19-APR-12 15:50:47,"Mercator","Mercator",274,"N"
30045,"REID",10015,12,"2660","DR","",21-JUN-12 18:18:37,19-APR-12 15:50:47,"Mercator","Mercator",274,"N"
30046,"PEARSON",10016,12,"2660","MISS","",21-JUN-12 18:18:37,19-APR-12 15:50:47,"Mercator","Mercator",274,"N"
30047,"RICHARDS",10017,12,"2660","MISS","",21-JUN-12 18:18:37,19-APR-12 15:50:47,"Mercator","Mercator",274,"N"
30048,"RAMIREZ",10018,12,"2660","MRS","",21-JUN-12 18:18:37,19-APR-12 15:50:47,"Mercator","Mercator",274,"N"
30049,"THOMAS",10019,12,"2660","MR","",21-JUN-12 18:18:37,19-APR-12 15:50:47,"Mercator","Mercator",274,"N"
30050,"FISHER",10020,12,"2660","MR","",21-JUN-12 18:18:37,19-APR-12 15:50:47,"Mercator","Mercator",274,"N"
30051,"CARR",10021,12,"2660","DR","",21-JUN-12 18:18:37,19-APR-12 15:50:47,"Mercator","Mercator",274,"N"
30052,"STANLEY",10022,12,"2660","MR","",21-JUN-12 18:18:37,19-APR-12 15:50:47,"Mercator","Mercator",274,"N"
30053,"NELSON",10023,12,"2660","SIR","",21-JUN-12 18:18:37,19-APR-12 15:50:47,"Mercator","Mercator",274,"N"
30054,"ELLIS",10024,12,"2660","MRS","",21-JUN-12 18:18:37,19-APR-12 15:50:47,"Mercator","Mercator",274,"N"
30055,"RAY",10025,12,"2660","LORD","",21-JUN-12 18:18:37,19-APR-12 15:50:47,"Mercator","Mercator",274,"N"
30056,"DIAZ",10026,12,"2660","SIR","",21-JUN-12 18:18:37,19-APR-12 15:50:47,"Mercator","Mercator",274,"N"
30057,"ANDREWS",10027,12,"2642","MR","",21-JUN-12 18:18:37,19-APR-12 15:50:47,"Mercator","Mercator",274,"N"
30058,"MORRIS",10028,12,"2642","MRS","",21-JUN-12 18:18:37,19-APR-12 15:50:47,"Mercator","Mercator",274,"N"
30059,"HARRIS",10029,12,"2642","MR","",21-JUN-12 18:18:37,19-APR-12 15:50:47,"Mercator","Mercator",274,"N"
30060,"HOWARD",10030,12,"2642","LORD","",21-JUN-12 18:18:37,19-APR-12 15:50:47,"Mercator","Mercator",274,"N"
30061,"HENDERSON",10031,12,"2642","MR","",21-JUN-12 18:18:37,19-APR-12 15:50:47,"Mercator","Mercator",274,"N"
30062,"FIELDS",10032,12,"2642","MRS","",21-JUN-12 18:18:37,19-APR-12 15:50:47,"Mercator","Mercator",274,"N"
30063,"WELCH",10033,12,"2642","MRS","",21-JUN-12 18:18:37,19-APR-12 15:50:47,"Mercator","Mercator",274,"N"
30064,"SHAW",10034,12,"2642","MR","",21-JUN-12 18:18:37,19-APR-12 15:50:47,"Mercator","Mercator",274,"N"
30065,"WELLS",10035,12,"2642","LORD","",21-JUN-12 18:18:37,19-APR-12 15:50:47,"Mercator","Mercator",274,"N"
30066,"ARMSTRONG",10036,12,"2642","SIR","",21-JUN-12 18:18:37,19-APR-12 15:50:47,"Mercator","Mercator",274,"N"
30067,"CARROLL",10037,12,"2642","MRS","",21-JUN-12 18:18:37,19-APR-12 15:50:47,"Mercator","Mercator",274,"N"
30068,"LARSON",10038,12,"2642","MR","",21-JUN-12 18:18:37,19-APR-12 15:50:47,"Mercator","Mercator",274,"N"
30069,"DANIELS",10039,12,"2642","MRS","",21-JUN-12 18:18:37,19-APR-12 15:50:47,"Mercator","Mercator",274,"N"
30070,"SIMS",10040,12,"2642","DR","",21-JUN-12 18:18:37,19-APR-12 15:50:47,"Mercator","Mercator",274,"N"
30071,"GARDNER",10041,12,"2642","MRS","",21-JUN-12 18:18:37,19-APR-12 15:50:47,"Mercator","Mercator",274,"N"
30072,"BARNES",10042,12,"2642","MR","",21-JUN-12 18:18:37,19-APR-12 15:50:47,"Mercator","Mercator",274,"N"
29787,"LYNCH20081028",10114,81,"2723","MR","B",27-MAR-15 10:28:09,21-MAY-09 16:02:59,"Mercator","Mercator",290,"N"
29798,"KING",10000,80,"2930","DR","",20-MAY-11 15:59:20,20-MAY-11 15:45:39,"Mercator","Mercator",4,"N"
29799,"FREEMAN",10001,80,"2660","MR","",20-MAY-11 15:59:20,20-MAY-11 15:45:39,"Mercator","Mercator",4,"N"
29800,"FOSTER",10002,80,"2660","MRS","",20-MAY-11 15:59:20,20-MAY-11 15:45:39,"Mercator","Mercator",4,"N"
29801,"DAY",10003,80,"2660","MR","",20-MAY-11 15:59:20,20-MAY-11 15:45:39,"Mercator","Mercator",4,"N"
29802,"COLLINS",10004,80,"2660","LORD","",20-MAY-11 15:59:20,20-MAY-11 15:45:39,"Mercator","Mercator",4,"N"
29803,"MORGAN",10005,80,"2660","MR","",20-MAY-11 15:59:20,20-MAY-11 15:45:39,"Mercator","Mercator",4,"N"
29804,"CARPENTER",10006,80,"2660","MRS","",20-MAY-11 15:59:20,20-MAY-11 15:45:39,"Mercator","Mercator",4,"N"
29805,"LONG",10007,80,"2660","MR","",20-MAY-11 15:59:20,20-MAY-11 15:45:39,"Mercator","Mercator",4,"N"
29806,"JONES",10008,80,"2660","MISS","",20-MAY-11 15:59:20,20-MAY-11 15:45:39,"Mercator","Mercator",4,"N"
29807,"OLIVER",10009,80,"2660","MISS","",20-MAY-11 15:59:20,20-MAY-11 15:45:39,"Mercator","Mercator",4,"N"
29808,"MONTGOMERY",10010,80,"2660","MR","",20-MAY-11 15:59:20,20-MAY-11 15:45:39,"Mercator","Mercator",4,"N"
29809,"GONZALES",10011,80,"2660","MRS","",20-MAY-11 15:59:20,20-MAY-11 15:45:39,"Mercator","Mercator",4,"N"
29810,"WELLS",10012,80,"2660","LORD","",20-MAY-11 15:59:20,20-MAY-11 15:45:39,"Mercator","Mercator",4,"N"
29811,"VASQUEZ",10013,80,"2660","MR","",20-MAY-11 15:59:20,20-MAY-11 15:45:39,"Mercator","Mercator",4,"N"
29812,"BERRY",10014,80,"2660","MR","",20-MAY-11 15:59:20,20-MAY-11 15:45:39,"Mercator","Mercator",4,"N"
29813,"REID",10015,80,"2660","DR","",20-MAY-11 15:59:20,20-MAY-11 15:45:39,"Mercator","Mercator",4,"N"
29814,"PEARSON",10016,80,"2660","MISS","",20-MAY-11 15:59:20,20-MAY-11 15:45:39,"Mercator","Mercator",4,"N"
29815,"RICHARDS",10017,80,"2660","MISS","",20-MAY-11 15:59:20,20-MAY-11 15:45:39,"Mercator","Mercator",4,"N"
29816,"RAMIREZ",10018,80,"2660","MRS","",20-MAY-11 15:59:20,20-MAY-11 15:45:39,"Mercator","Mercator",4,"N"
29817,"THOMAS",10019,80,"2660","MR","",20-MAY-11 15:59:20,20-MAY-11 15:45:39,"Mercator","Mercator",4,"N"
