"PUBLIC_NOTICE_ID","PUBLIC_NOTICE_DESC","COURT_ID","LAST_UPDATE_DATE","CREATION_DATE","CREATED_BY","LAST_UPDATED_BY","VERSION","DEFINITIVE_PN_ID"
444,"TV link in progress - please enter quietly.",45,01-APR-09 15:27:30,01-APR-09 15:27:30,"XHIBIT","XHIBIT",1,400
445,"Video being played - please enter quietly.",45,01-APR-09 15:27:30,01-APR-09 15:27:30,"XHIBIT","XHIBIT",1,500
446,"If you wish to enter, please do so quietly.",45,01-APR-09 15:27:30,01-APR-09 15:27:30,"XHIBIT","XHIBIT",1,600
447,"Reporting restrictions lifted.",45,01-APR-09 15:27:30,01-APR-09 15:27:30,"XHIBIT","XHIBIT",1,700
448,"Please switch off mobile phones.",45,01-APR-09 15:27:30,01-APR-09 15:27:30,"XHIBIT","XHIBIT",1,800
449,"Food and drink must not be consumed in the courtrooms.",45,01-APR-09 15:27:30,01-APR-09 15:27:30,"XHIBIT","XHIBIT",1,900
450,"Bench warrant in progress.",45,01-APR-09 15:27:30,01-APR-09 15:27:30,"XHIBIT","XHIBIT",1,1000
451,"Reporting restrictions. For details please see Court Manager.",46,01-APR-09 15:27:30,01-APR-09 15:27:30,"XHIBIT","XHIBIT",1,100
452,"In chambers, no entry.",46,01-APR-09 15:27:30,01-APR-09 15:27:30,"XHIBIT","XHIBIT",1,200
453,"Members of the public are requested not to enter.",46,01-APR-09 15:27:30,01-APR-09 15:27:30,"XHIBIT","XHIBIT",1,300
454,"TV link in progress - please enter quietly.",46,01-APR-09 15:27:30,01-APR-09 15:27:30,"XHIBIT","XHIBIT",1,400
455,"Video being played - please enter quietly.",46,01-APR-09 15:27:30,01-APR-09 15:27:30,"XHIBIT","XHIBIT",1,500
456,"If you wish to enter, please do so quietly.",46,01-APR-09 15:27:30,01-APR-09 15:27:30,"XHIBIT","XHIBIT",1,600
457,"Reporting restrictions lifted.",46,01-APR-09 15:27:30,01-APR-09 15:27:30,"XHIBIT","XHIBIT",1,700
458,"Please switch off mobile phones.",46,01-APR-09 15:27:30,01-APR-09 15:27:30,"XHIBIT","XHIBIT",1,800
459,"Food and drink must not be consumed in the courtrooms.",46,01-APR-09 15:27:30,01-APR-09 15:27:30,"XHIBIT","XHIBIT",1,900
460,"Bench warrant in progress.",46,01-APR-09 15:27:30,01-APR-09 15:27:30,"XHIBIT","XHIBIT",1,1000
131,"Reporting restrictions. For details please see Court Manager.",14,01-APR-09 15:27:30,01-APR-09 15:27:30,"XHIBIT","XHIBIT",1,100
132,"In chambers, no entry.",14,01-APR-09 15:27:30,01-APR-09 15:27:30,"XHIBIT","XHIBIT",1,200
133,"Members of the public are requested not to enter.",14,01-APR-09 15:27:30,01-APR-09 15:27:30,"XHIBIT","XHIBIT",1,300
405,"Video being played - please enter quietly.",41,01-APR-09 15:27:30,01-APR-09 15:27:30,"XHIBIT","XHIBIT",1,500
406,"If you wish to enter, please do so quietly.",41,01-APR-09 15:27:30,01-APR-09 15:27:30,"XHIBIT","XHIBIT",1,600
407,"Reporting restrictions lifted.",41,01-APR-09 15:27:30,01-APR-09 15:27:30,"XHIBIT","XHIBIT",1,700
408,"Please switch off mobile phones.",41,01-APR-09 15:27:30,01-APR-09 15:27:30,"XHIBIT","XHIBIT",1,800
409,"Food and drink must not be consumed in the courtrooms.",41,01-APR-09 15:27:30,01-APR-09 15:27:30,"XHIBIT","XHIBIT",1,900
410,"Bench warrant in progress.",41,01-APR-09 15:27:30,01-APR-09 15:27:30,"XHIBIT","XHIBIT",1,1000
611,"Reporting restrictions. For details please see Court Manager.",62,01-APR-09 15:27:30,01-APR-09 15:27:30,"XHIBIT","XHIBIT",1,100
612,"In chambers, no entry.",62,01-APR-09 15:27:30,01-APR-09 15:27:30,"XHIBIT","XHIBIT",1,200
613,"Members of the public are requested not to enter.",62,01-APR-09 15:27:30,01-APR-09 15:27:30,"XHIBIT","XHIBIT",1,300
614,"TV link in progress - please enter quietly.",62,01-APR-09 15:27:30,01-APR-09 15:27:30,"XHIBIT","XHIBIT",1,400
615,"Video being played - please enter quietly.",62,01-APR-09 15:27:30,01-APR-09 15:27:30,"XHIBIT","XHIBIT",1,500
616,"If you wish to enter, please do so quietly.",62,01-APR-09 15:27:30,01-APR-09 15:27:30,"XHIBIT","XHIBIT",1,600
617,"Reporting restrictions lifted.",62,01-APR-09 15:27:30,01-APR-09 15:27:30,"XHIBIT","XHIBIT",1,700
618,"Please switch off mobile phones.",62,01-APR-09 15:27:30,01-APR-09 15:27:30,"XHIBIT","XHIBIT",1,800
619,"Food and drink must not be consumed in the courtrooms.",62,01-APR-09 15:27:30,01-APR-09 15:27:30,"XHIBIT","XHIBIT",1,900
620,"Bench warrant in progress.",62,01-APR-09 15:27:30,01-APR-09 15:27:30,"XHIBIT","XHIBIT",1,1000
671,"Reporting restrictions. For details please see Court Manager.",68,01-APR-09 15:27:30,01-APR-09 15:27:30,"XHIBIT","XHIBIT",1,100
672,"In chambers, no entry.",68,01-APR-09 15:27:30,01-APR-09 15:27:30,"XHIBIT","XHIBIT",1,200
673,"Members of the public are requested not to enter.",68,01-APR-09 15:27:30,01-APR-09 15:27:30,"XHIBIT","XHIBIT",1,300
674,"TV link in progress - please enter quietly.",68,01-APR-09 15:27:30,01-APR-09 15:27:30,"XHIBIT","XHIBIT",1,400
675,"Video being played - please enter quietly.",68,01-APR-09 15:27:30,01-APR-09 15:27:30,"XHIBIT","XHIBIT",1,500
676,"If you wish to enter, please do so quietly.",68,01-APR-09 15:27:30,01-APR-09 15:27:30,"XHIBIT","XHIBIT",1,600
677,"Reporting restrictions lifted.",68,01-APR-09 15:27:30,01-APR-09 15:27:30,"XHIBIT","XHIBIT",1,700
678,"Please switch off mobile phones.",68,01-APR-09 15:27:30,01-APR-09 15:27:30,"XHIBIT","XHIBIT",1,800
679,"Food and drink must not be consumed in the courtrooms.",68,01-APR-09 15:27:30,01-APR-09 15:27:30,"XHIBIT","XHIBIT",1,900
680,"Bench warrant in progress.",68,01-APR-09 15:27:30,01-APR-09 15:27:30,"XHIBIT","XHIBIT",1,1000
541,"Reporting restrictions. For details please see Court Manager.",55,01-APR-09 15:27:30,01-APR-09 15:27:30,"XHIBIT","XHIBIT",1,100
542,"In chambers, no entry.",55,01-APR-09 15:27:30,01-APR-09 15:27:30,"XHIBIT","XHIBIT",1,200
543,"Members of the public are requested not to enter.",55,01-APR-09 15:27:30,01-APR-09 15:27:30,"XHIBIT","XHIBIT",1,300
544,"TV link in progress - please enter quietly.",55,01-APR-09 15:27:30,01-APR-09 15:27:30,"XHIBIT","XHIBIT",1,400
545,"Video being played - please enter quietly.",55,01-APR-09 15:27:30,01-APR-09 15:27:30,"XHIBIT","XHIBIT",1,500
546,"If you wish to enter, please do so quietly.",55,01-APR-09 15:27:30,01-APR-09 15:27:30,"XHIBIT","XHIBIT",1,600
547,"Reporting restrictions lifted.",55,01-APR-09 15:27:30,01-APR-09 15:27:30,"XHIBIT","XHIBIT",1,700
548,"Please switch off mobile phones.",55,01-APR-09 15:27:30,01-APR-09 15:27:30,"XHIBIT","XHIBIT",1,800
549,"Food and drink must not be consumed in the courtrooms.",55,01-APR-09 15:27:30,01-APR-09 15:27:30,"XHIBIT","XHIBIT",1,900
550,"Bench warrant in progress.",55,01-APR-09 15:27:30,01-APR-09 15:27:30,"XHIBIT","XHIBIT",1,1000
711,"Reporting restrictions. For details please see Court Manager.",72,01-APR-09 15:27:30,01-APR-09 15:27:30,"XHIBIT","XHIBIT",1,100
712,"In chambers, no entry.",72,01-APR-09 15:27:30,01-APR-09 15:27:30,"XHIBIT","XHIBIT",1,200
713,"Members of the public are requested not to enter.",72,01-APR-09 15:27:30,01-APR-09 15:27:30,"XHIBIT","XHIBIT",1,300
714,"TV link in progress - please enter quietly.",72,01-APR-09 15:27:30,01-APR-09 15:27:30,"XHIBIT","XHIBIT",1,400
715,"Video being played - please enter quietly.",72,01-APR-09 15:27:30,01-APR-09 15:27:30,"XHIBIT","XHIBIT",1,500
716,"If you wish to enter, please do so quietly.",72,01-APR-09 15:27:30,01-APR-09 15:27:30,"XHIBIT","XHIBIT",1,600
717,"Reporting restrictions lifted.",72,01-APR-09 15:27:30,01-APR-09 15:27:30,"XHIBIT","XHIBIT",1,700
718,"Please switch off mobile phones.",72,01-APR-09 15:27:30,01-APR-09 15:27:30,"XHIBIT","XHIBIT",1,800
719,"Food and drink must not be consumed in the courtrooms.",72,01-APR-09 15:27:30,01-APR-09 15:27:30,"XHIBIT","XHIBIT",1,900
720,"Bench warrant in progress.",72,01-APR-09 15:27:30,01-APR-09 15:27:30,"XHIBIT","XHIBIT",1,1000
181,"Reporting restrictions. For details please see Court Manager.",19,01-APR-09 15:27:30,01-APR-09 15:27:30,"XHIBIT","XHIBIT",1,100
182,"In chambers, no entry.",19,01-APR-09 15:27:30,01-APR-09 15:27:30,"XHIBIT","XHIBIT",1,200
183,"Members of the public are requested not to enter.",19,01-APR-09 15:27:30,01-APR-09 15:27:30,"XHIBIT","XHIBIT",1,300
184,"TV link in progress - please enter quietly.",19,01-APR-09 15:27:30,01-APR-09 15:27:30,"XHIBIT","XHIBIT",1,400
185,"Video being played - please enter quietly.",19,01-APR-09 15:27:30,01-APR-09 15:27:30,"XHIBIT","XHIBIT",1,500
186,"If you wish to enter, please do so quietly.",19,01-APR-09 15:27:30,01-APR-09 15:27:30,"XHIBIT","XHIBIT",1,600
187,"Reporting restrictions lifted.",19,01-APR-09 15:27:30,01-APR-09 15:27:30,"XHIBIT","XHIBIT",1,700
188,"Please switch off mobile phones.",19,01-APR-09 15:27:30,01-APR-09 15:27:30,"XHIBIT","XHIBIT",1,800
189,"Food and drink must not be consumed in the courtrooms.",19,01-APR-09 15:27:30,01-APR-09 15:27:30,"XHIBIT","XHIBIT",1,900
190,"Bench warrant in progress.",19,01-APR-09 15:27:30,01-APR-09 15:27:30,"XHIBIT","XHIBIT",1,1000
191,"Reporting restrictions. For details please see Court Manager.",20,01-APR-09 15:27:30,01-APR-09 15:27:30,"XHIBIT","XHIBIT",1,100
192,"In chambers, no entry.",20,01-APR-09 15:27:30,01-APR-09 15:27:30,"XHIBIT","XHIBIT",1,200
193,"Members of the public are requested not to enter.",20,01-APR-09 15:27:30,01-APR-09 15:27:30,"XHIBIT","XHIBIT",1,300
194,"TV link in progress - please enter quietly.",20,01-APR-09 15:27:30,01-APR-09 15:27:30,"XHIBIT","XHIBIT",1,400
195,"Video being played - please enter quietly.",20,01-APR-09 15:27:30,01-APR-09 15:27:30,"XHIBIT","XHIBIT",1,500
196,"If you wish to enter, please do so quietly.",20,01-APR-09 15:27:30,01-APR-09 15:27:30,"XHIBIT","XHIBIT",1,600
197,"Reporting restrictions lifted.",20,01-APR-09 15:27:30,01-APR-09 15:27:30,"XHIBIT","XHIBIT",1,700
198,"Please switch off mobile phones.",20,01-APR-09 15:27:30,01-APR-09 15:27:30,"XHIBIT","XHIBIT",1,800
199,"Food and drink must not be consumed in the courtrooms.",20,01-APR-09 15:27:30,01-APR-09 15:27:30,"XHIBIT","XHIBIT",1,900
200,"Bench warrant in progress.",20,01-APR-09 15:27:30,01-APR-09 15:27:30,"XHIBIT","XHIBIT",1,1000
371,"Reporting restrictions. For details please see Court Manager.",38,01-APR-09 15:27:30,01-APR-09 15:27:30,"XHIBIT","XHIBIT",1,100
372,"In chambers, no entry.",38,01-APR-09 15:27:30,01-APR-09 15:27:30,"XHIBIT","XHIBIT",1,200
373,"Members of the public are requested not to enter.",38,01-APR-09 15:27:30,01-APR-09 15:27:30,"XHIBIT","XHIBIT",1,300
374,"TV link in progress - please enter quietly.",38,01-APR-09 15:27:30,01-APR-09 15:27:30,"XHIBIT","XHIBIT",1,400
375,"Video being played - please enter quietly.",38,01-APR-09 15:27:30,01-APR-09 15:27:30,"XHIBIT","XHIBIT",1,500
376,"If you wish to enter, please do so quietly.",38,01-APR-09 15:27:30,01-APR-09 15:27:30,"XHIBIT","XHIBIT",1,600
377,"Reporting restrictions lifted.",38,01-APR-09 15:27:30,01-APR-09 15:27:30,"XHIBIT","XHIBIT",1,700
378,"Please switch off mobile phones.",38,01-APR-09 15:27:30,01-APR-09 15:27:30,"XHIBIT","XHIBIT",1,800
379,"Food and drink must not be consumed in the courtrooms.",38,01-APR-09 15:27:30,01-APR-09 15:27:30,"XHIBIT","XHIBIT",1,900
380,"Bench warrant in progress.",38,01-APR-09 15:27:30,01-APR-09 15:27:30,"XHIBIT","XHIBIT",1,1000
121,"Reporting restrictions. For details please see Court Manager.",13,01-APR-09 15:27:30,01-APR-09 15:27:30,"XHIBIT","XHIBIT",1,100
122,"In chambers, no entry.",13,01-APR-09 15:27:30,01-APR-09 15:27:30,"XHIBIT","XHIBIT",1,200
123,"Members of the public are requested not to enter.",13,01-APR-09 15:27:30,01-APR-09 15:27:30,"XHIBIT","XHIBIT",1,300
124,"TV link in progress - please enter quietly.",13,01-APR-09 15:27:30,01-APR-09 15:27:30,"XHIBIT","XHIBIT",1,400
125,"Video being played - please enter quietly.",13,01-APR-09 15:27:30,01-APR-09 15:27:30,"XHIBIT","XHIBIT",1,500
134,"TV link in progress - please enter quietly.",14,01-APR-09 15:27:30,01-APR-09 15:27:30,"XHIBIT","XHIBIT",1,400
135,"Video being played - please enter quietly.",14,01-APR-09 15:27:30,01-APR-09 15:27:30,"XHIBIT","XHIBIT",1,500
136,"If you wish to enter, please do so quietly.",14,01-APR-09 15:27:30,01-APR-09 15:27:30,"XHIBIT","XHIBIT",1,600
137,"Reporting restrictions lifted.",14,01-APR-09 15:27:30,01-APR-09 15:27:30,"XHIBIT","XHIBIT",1,700
138,"Please switch off mobile phones.",14,01-APR-09 15:27:30,01-APR-09 15:27:30,"XHIBIT","XHIBIT",1,800
139,"Food and drink must not be consumed in the courtrooms.",14,01-APR-09 15:27:30,01-APR-09 15:27:30,"XHIBIT","XHIBIT",1,900
140,"Bench warrant in progress.",14,01-APR-09 15:27:30,01-APR-09 15:27:30,"XHIBIT","XHIBIT",1,1000
221,"Reporting restrictions. For details please see Court Manager.",23,01-APR-09 15:27:30,01-APR-09 15:27:30,"XHIBIT","XHIBIT",1,100
222,"In chambers, no entry.",23,01-APR-09 15:27:30,01-APR-09 15:27:30,"XHIBIT","XHIBIT",1,200
223,"Members of the public are requested not to enter.",23,01-APR-09 15:27:30,01-APR-09 15:27:30,"XHIBIT","XHIBIT",1,300
224,"TV link in progress - please enter quietly.",23,01-APR-09 15:27:30,01-APR-09 15:27:30,"XHIBIT","XHIBIT",1,400
225,"Video being played - please enter quietly.",23,01-APR-09 15:27:30,01-APR-09 15:27:30,"XHIBIT","XHIBIT",1,500
226,"If you wish to enter, please do so quietly.",23,01-APR-09 15:27:30,01-APR-09 15:27:30,"XHIBIT","XHIBIT",1,600
227,"Reporting restrictions lifted.",23,01-APR-09 15:27:30,01-APR-09 15:27:30,"XHIBIT","XHIBIT",1,700
228,"Please switch off mobile phones.",23,01-APR-09 15:27:30,01-APR-09 15:27:30,"XHIBIT","XHIBIT",1,800
229,"Food and drink must not be consumed in the courtrooms.",23,01-APR-09 15:27:30,01-APR-09 15:27:30,"XHIBIT","XHIBIT",1,900
230,"Bench warrant in progress.",23,01-APR-09 15:27:30,01-APR-09 15:27:30,"XHIBIT","XHIBIT",1,1000
421,"Reporting restrictions. For details please see Court Manager.",43,01-APR-09 15:27:30,01-APR-09 15:27:30,"XHIBIT","XHIBIT",1,100
422,"In chambers, no entry.",43,01-APR-09 15:27:30,01-APR-09 15:27:30,"XHIBIT","XHIBIT",1,200
423,"Members of the public are requested not to enter.",43,01-APR-09 15:27:30,01-APR-09 15:27:30,"XHIBIT","XHIBIT",1,300
424,"TV link in progress - please enter quietly.",43,01-APR-09 15:27:30,01-APR-09 15:27:30,"XHIBIT","XHIBIT",1,400
425,"Video being played - please enter quietly.",43,01-APR-09 15:27:30,01-APR-09 15:27:30,"XHIBIT","XHIBIT",1,500
426,"If you wish to enter, please do so quietly.",43,01-APR-09 15:27:30,01-APR-09 15:27:30,"XHIBIT","XHIBIT",1,600
427,"Reporting restrictions lifted.",43,01-APR-09 15:27:30,01-APR-09 15:27:30,"XHIBIT","XHIBIT",1,700
428,"Please switch off mobile phones.",43,01-APR-09 15:27:30,01-APR-09 15:27:30,"XHIBIT","XHIBIT",1,800
429,"Food and drink must not be consumed in the courtrooms.",43,01-APR-09 15:27:30,01-APR-09 15:27:30,"XHIBIT","XHIBIT",1,900
430,"Bench warrant in progress.",43,01-APR-09 15:27:30,01-APR-09 15:27:30,"XHIBIT","XHIBIT",1,1000
151,"Reporting restrictions. For details please see Court Manager.",16,01-APR-09 15:27:30,01-APR-09 15:27:30,"XHIBIT","XHIBIT",1,100
152,"In chambers, no entry.",16,01-APR-09 15:27:30,01-APR-09 15:27:30,"XHIBIT","XHIBIT",1,200
153,"Members of the public are requested not to enter.",16,01-APR-09 15:27:30,01-APR-09 15:27:30,"XHIBIT","XHIBIT",1,300
154,"TV link in progress - please enter quietly.",16,01-APR-09 15:27:30,01-APR-09 15:27:30,"XHIBIT","XHIBIT",1,400
155,"Video being played - please enter quietly.",16,01-APR-09 15:27:30,01-APR-09 15:27:30,"XHIBIT","XHIBIT",1,500
156,"If you wish to enter, please do so quietly.",16,01-APR-09 15:27:30,01-APR-09 15:27:30,"XHIBIT","XHIBIT",1,600
157,"Reporting restrictions lifted.",16,01-APR-09 15:27:30,01-APR-09 15:27:30,"XHIBIT","XHIBIT",1,700
158,"Please switch off mobile phones.",16,01-APR-09 15:27:30,01-APR-09 15:27:30,"XHIBIT","XHIBIT",1,800
159,"Food and drink must not be consumed in the courtrooms.",16,01-APR-09 15:27:30,01-APR-09 15:27:30,"XHIBIT","XHIBIT",1,900
160,"Bench warrant in progress.",16,01-APR-09 15:27:30,01-APR-09 15:27:30,"XHIBIT","XHIBIT",1,1000
561,"Reporting restrictions. For details please see Court Manager.",57,01-APR-09 15:27:30,01-APR-09 15:27:30,"XHIBIT","XHIBIT",1,100
562,"In chambers, no entry.",57,01-APR-09 15:27:30,01-APR-09 15:27:30,"XHIBIT","XHIBIT",1,200
563,"Members of the public are requested not to enter.",57,01-APR-09 15:27:30,01-APR-09 15:27:30,"XHIBIT","XHIBIT",1,300
564,"TV link in progress - please enter quietly.",57,01-APR-09 15:27:30,01-APR-09 15:27:30,"XHIBIT","XHIBIT",1,400
565,"Video being played - please enter quietly.",57,01-APR-09 15:27:30,01-APR-09 15:27:30,"XHIBIT","XHIBIT",1,500
566,"If you wish to enter, please do so quietly.",57,01-APR-09 15:27:30,01-APR-09 15:27:30,"XHIBIT","XHIBIT",1,600
567,"Reporting restrictions lifted.",57,01-APR-09 15:27:30,01-APR-09 15:27:30,"XHIBIT","XHIBIT",1,700
568,"Please switch off mobile phones.",57,01-APR-09 15:27:30,01-APR-09 15:27:30,"XHIBIT","XHIBIT",1,800
569,"Food and drink must not be consumed in the courtrooms.",57,01-APR-09 15:27:30,01-APR-09 15:27:30,"XHIBIT","XHIBIT",1,900
570,"Bench warrant in progress.",57,01-APR-09 15:27:30,01-APR-09 15:27:30,"XHIBIT","XHIBIT",1,1000
101,"Reporting restrictions. For details please see Court Manager.",11,01-APR-09 15:27:30,01-APR-09 15:27:30,"XHIBIT","XHIBIT",1,100
102,"In chambers, no entry.",11,01-APR-09 15:27:30,01-APR-09 15:27:30,"XHIBIT","XHIBIT",1,200
103,"Members of the public are requested not to enter.",11,01-APR-09 15:27:30,01-APR-09 15:27:30,"XHIBIT","XHIBIT",1,300
104,"TV link in progress - please enter quietly.",11,01-APR-09 15:27:30,01-APR-09 15:27:30,"XHIBIT","XHIBIT",1,400
105,"Video being played - please enter quietly.",11,01-APR-09 15:27:30,01-APR-09 15:27:30,"XHIBIT","XHIBIT",1,500
106,"If you wish to enter, please do so quietly.",11,01-APR-09 15:27:30,01-APR-09 15:27:30,"XHIBIT","XHIBIT",1,600
107,"Reporting restrictions lifted.",11,01-APR-09 15:27:30,01-APR-09 15:27:30,"XHIBIT","XHIBIT",1,700
108,"Please switch off mobile phones.",11,01-APR-09 15:27:30,01-APR-09 15:27:30,"XHIBIT","XHIBIT",1,800
109,"Food and drink must not be consumed in the courtrooms.",11,01-APR-09 15:27:30,01-APR-09 15:27:30,"XHIBIT","XHIBIT",1,900
110,"Bench warrant in progress.",11,01-APR-09 15:27:30,01-APR-09 15:27:30,"XHIBIT","XHIBIT",1,1000
141,"Reporting restrictions. For details please see Court Manager.",15,01-APR-09 15:27:30,01-APR-09 15:27:30,"XHIBIT","XHIBIT",1,100
142,"In chambers, no entry.",15,01-APR-09 15:27:30,01-APR-09 15:27:30,"XHIBIT","XHIBIT",1,200
143,"Members of the public are requested not to enter.",15,01-APR-09 15:27:30,01-APR-09 15:27:30,"XHIBIT","XHIBIT",1,300
144,"TV link in progress - please enter quietly.",15,01-APR-09 15:27:30,01-APR-09 15:27:30,"XHIBIT","XHIBIT",1,400
383,"Members of the public are requested not to enter.",39,01-APR-09 15:27:30,01-APR-09 15:27:30,"XHIBIT","XHIBIT",1,300
384,"TV link in progress - please enter quietly.",39,01-APR-09 15:27:30,01-APR-09 15:27:30,"XHIBIT","XHIBIT",1,400
385,"Video being played - please enter quietly.",39,01-APR-09 15:27:30,01-APR-09 15:27:30,"XHIBIT","XHIBIT",1,500
386,"If you wish to enter, please do so quietly.",39,01-APR-09 15:27:30,01-APR-09 15:27:30,"XHIBIT","XHIBIT",1,600
387,"Reporting restrictions lifted.",39,01-APR-09 15:27:30,01-APR-09 15:27:30,"XHIBIT","XHIBIT",1,700
388,"Please switch off mobile phones.",39,01-APR-09 15:27:30,01-APR-09 15:27:30,"XHIBIT","XHIBIT",1,800
389,"Food and drink must not be consumed in the courtrooms.",39,01-APR-09 15:27:30,01-APR-09 15:27:30,"XHIBIT","XHIBIT",1,900
390,"Bench warrant in progress.",39,01-APR-09 15:27:30,01-APR-09 15:27:30,"XHIBIT","XHIBIT",1,1000
501,"Reporting restrictions. For details please see Court Manager.",51,01-APR-09 15:27:30,01-APR-09 15:27:30,"XHIBIT","XHIBIT",1,100
502,"In chambers, no entry.",51,01-APR-09 15:27:30,01-APR-09 15:27:30,"XHIBIT","XHIBIT",1,200
801,"Reporting restrictions. For details please see Court Manager.",81,01-APR-09 15:27:30,01-APR-09 15:27:30,"XHIBIT","XHIBIT",1,100
802,"In chambers, no entry.",81,01-APR-09 15:27:30,01-APR-09 15:27:30,"XHIBIT","XHIBIT",1,200
803,"Members of the public are requested not to enter.",81,01-APR-09 15:27:30,01-APR-09 15:27:30,"XHIBIT","XHIBIT",1,300
804,"TV link in progress - please enter quietly.",81,01-APR-09 15:27:30,01-APR-09 15:27:30,"XHIBIT","XHIBIT",1,400
805,"Video being played - please enter quietly.",81,01-APR-09 15:27:30,01-APR-09 15:27:30,"XHIBIT","XHIBIT",1,500
806,"If you wish to enter, please do so quietly.",81,01-APR-09 15:27:30,01-APR-09 15:27:30,"XHIBIT","XHIBIT",1,600
807,"Reporting restrictions lifted.",81,01-APR-09 15:27:30,01-APR-09 15:27:30,"XHIBIT","XHIBIT",1,700
808,"Please switch off mobile phones.",81,01-APR-09 15:27:30,01-APR-09 15:27:30,"XHIBIT","XHIBIT",1,800
809,"Food and drink must not be consumed in the courtrooms.",81,01-APR-09 15:27:30,01-APR-09 15:27:30,"XHIBIT","XHIBIT",1,900
810,"Bench warrant in progress.",81,01-APR-09 15:27:30,01-APR-09 15:27:30,"XHIBIT","XHIBIT",1,1000
503,"Members of the public are requested not to enter.",51,01-APR-09 15:27:30,01-APR-09 15:27:30,"XHIBIT","XHIBIT",1,300
504,"TV link in progress - please enter quietly.",51,01-APR-09 15:27:30,01-APR-09 15:27:30,"XHIBIT","XHIBIT",1,400
505,"Video being played - please enter quietly.",51,01-APR-09 15:27:30,01-APR-09 15:27:30,"XHIBIT","XHIBIT",1,500
506,"If you wish to enter, please do so quietly.",51,01-APR-09 15:27:30,01-APR-09 15:27:30,"XHIBIT","XHIBIT",1,600
507,"Reporting restrictions lifted.",51,01-APR-09 15:27:30,01-APR-09 15:27:30,"XHIBIT","XHIBIT",1,700
508,"Please switch off mobile phones.",51,01-APR-09 15:27:30,01-APR-09 15:27:30,"XHIBIT","XHIBIT",1,800
509,"Food and drink must not be consumed in the courtrooms.",51,01-APR-09 15:27:30,01-APR-09 15:27:30,"XHIBIT","XHIBIT",1,900
510,"Bench warrant in progress.",51,01-APR-09 15:27:30,01-APR-09 15:27:30,"XHIBIT","XHIBIT",1,1000
581,"Reporting restrictions. For details please see Court Manager.",59,01-APR-09 15:27:30,01-APR-09 15:27:30,"XHIBIT","XHIBIT",1,100
582,"In chambers, no entry.",59,01-APR-09 15:27:30,01-APR-09 15:27:30,"XHIBIT","XHIBIT",1,200
583,"Members of the public are requested not to enter.",59,01-APR-09 15:27:30,01-APR-09 15:27:30,"XHIBIT","XHIBIT",1,300
584,"TV link in progress - please enter quietly.",59,01-APR-09 15:27:30,01-APR-09 15:27:30,"XHIBIT","XHIBIT",1,400
585,"Video being played - please enter quietly.",59,01-APR-09 15:27:30,01-APR-09 15:27:30,"XHIBIT","XHIBIT",1,500
586,"If you wish to enter, please do so quietly.",59,01-APR-09 15:27:30,01-APR-09 15:27:30,"XHIBIT","XHIBIT",1,600
587,"Reporting restrictions lifted.",59,01-APR-09 15:27:30,01-APR-09 15:27:30,"XHIBIT","XHIBIT",1,700
588,"Please switch off mobile phones.",59,01-APR-09 15:27:30,01-APR-09 15:27:30,"XHIBIT","XHIBIT",1,800
589,"Food and drink must not be consumed in the courtrooms.",59,01-APR-09 15:27:30,01-APR-09 15:27:30,"XHIBIT","XHIBIT",1,900
590,"Bench warrant in progress.",59,01-APR-09 15:27:30,01-APR-09 15:27:30,"XHIBIT","XHIBIT",1,1000
591,"Reporting restrictions. For details please see Court Manager.",60,01-APR-09 15:27:30,01-APR-09 15:27:30,"XHIBIT","XHIBIT",1,100
592,"In chambers, no entry.",60,01-APR-09 15:27:30,01-APR-09 15:27:30,"XHIBIT","XHIBIT",1,200
593,"Members of the public are requested not to enter.",60,01-APR-09 15:27:30,01-APR-09 15:27:30,"XHIBIT","XHIBIT",1,300
594,"TV link in progress - please enter quietly.",60,01-APR-09 15:27:30,01-APR-09 15:27:30,"XHIBIT","XHIBIT",1,400
595,"Video being played - please enter quietly.",60,01-APR-09 15:27:30,01-APR-09 15:27:30,"XHIBIT","XHIBIT",1,500
596,"If you wish to enter, please do so quietly.",60,01-APR-09 15:27:30,01-APR-09 15:27:30,"XHIBIT","XHIBIT",1,600
597,"Reporting restrictions lifted.",60,01-APR-09 15:27:30,01-APR-09 15:27:30,"XHIBIT","XHIBIT",1,700
598,"Please switch off mobile phones.",60,01-APR-09 15:27:30,01-APR-09 15:27:30,"XHIBIT","XHIBIT",1,800
599,"Food and drink must not be consumed in the courtrooms.",60,01-APR-09 15:27:30,01-APR-09 15:27:30,"XHIBIT","XHIBIT",1,900
600,"Bench warrant in progress.",60,01-APR-09 15:27:30,01-APR-09 15:27:30,"XHIBIT","XHIBIT",1,1000
41,"Reporting restrictions. For details please see Court Manager.",5,01-APR-09 15:27:30,01-APR-09 15:27:30,"XHIBIT","XHIBIT",1,100
42,"In chambers, no entry.",5,01-APR-09 15:27:30,01-APR-09 15:27:30,"XHIBIT","XHIBIT",1,200
43,"Members of the public are requested not to enter.",5,01-APR-09 15:27:30,01-APR-09 15:27:30,"XHIBIT","XHIBIT",1,300
44,"TV link in progress - please enter quietly.",5,01-APR-09 15:27:30,01-APR-09 15:27:30,"XHIBIT","XHIBIT",1,400
45,"Video being played - please enter quietly.",5,01-APR-09 15:27:30,01-APR-09 15:27:30,"XHIBIT","XHIBIT",1,500
46,"If you wish to enter, please do so quietly.",5,01-APR-09 15:27:30,01-APR-09 15:27:30,"XHIBIT","XHIBIT",1,600
47,"Reporting restrictions lifted.",5,01-APR-09 15:27:30,01-APR-09 15:27:30,"XHIBIT","XHIBIT",1,700
48,"Please switch off mobile phones.",5,01-APR-09 15:27:30,01-APR-09 15:27:30,"XHIBIT","XHIBIT",1,800
49,"Food and drink must not be consumed in the courtrooms.",5,01-APR-09 15:27:30,01-APR-09 15:27:30,"XHIBIT","XHIBIT",1,900
50,"Bench warrant in progress.",5,01-APR-09 15:27:30,01-APR-09 15:27:30,"XHIBIT","XHIBIT",1,1000
111,"Reporting restrictions. For details please see Court Manager.",12,01-APR-09 15:27:30,01-APR-09 15:27:30,"XHIBIT","XHIBIT",1,100
112,"In chambers, no entry.",12,01-APR-09 15:27:30,01-APR-09 15:27:30,"XHIBIT","XHIBIT",1,200
113,"Members of the public are requested not to enter.",12,01-APR-09 15:27:30,01-APR-09 15:27:30,"XHIBIT","XHIBIT",1,300
114,"TV link in progress - please enter quietly.",12,01-APR-09 15:27:30,01-APR-09 15:27:30,"XHIBIT","XHIBIT",1,400
115,"Video being played - please enter quietly.",12,01-APR-09 15:27:30,01-APR-09 15:27:30,"XHIBIT","XHIBIT",1,500
116,"If you wish to enter, please do so quietly.",12,01-APR-09 15:27:30,01-APR-09 15:27:30,"XHIBIT","XHIBIT",1,600
117,"Reporting restrictions lifted.",12,01-APR-09 15:27:30,01-APR-09 15:27:30,"XHIBIT","XHIBIT",1,700
118,"Please switch off mobile phones.",12,01-APR-09 15:27:30,01-APR-09 15:27:30,"XHIBIT","XHIBIT",1,800
119,"Food and drink must not be consumed in the courtrooms.",12,01-APR-09 15:27:30,01-APR-09 15:27:30,"XHIBIT","XHIBIT",1,900
120,"Bench warrant in progress.",12,01-APR-09 15:27:30,01-APR-09 15:27:30,"XHIBIT","XHIBIT",1,1000
91,"Reporting restrictions. For details please see Court Manager.",10,01-APR-09 15:27:30,01-APR-09 15:27:30,"XHIBIT","XHIBIT",1,100
92,"In chambers, no entry.",10,01-APR-09 15:27:30,01-APR-09 15:27:30,"XHIBIT","XHIBIT",1,200
93,"Members of the public are requested not to enter.",10,01-APR-09 15:27:30,01-APR-09 15:27:30,"XHIBIT","XHIBIT",1,300
94,"TV link in progress - please enter quietly.",10,01-APR-09 15:27:30,01-APR-09 15:27:30,"XHIBIT","XHIBIT",1,400
95,"Video being played - please enter quietly.",10,01-APR-09 15:27:30,01-APR-09 15:27:30,"XHIBIT","XHIBIT",1,500
96,"If you wish to enter, please do so quietly.",10,01-APR-09 15:27:30,01-APR-09 15:27:30,"XHIBIT","XHIBIT",1,600
97,"Reporting restrictions lifted.",10,01-APR-09 15:27:30,01-APR-09 15:27:30,"XHIBIT","XHIBIT",1,700
98,"Please switch off mobile phones.",10,01-APR-09 15:27:30,01-APR-09 15:27:30,"XHIBIT","XHIBIT",1,800
99,"Food and drink must not be consumed in the courtrooms.",10,01-APR-09 15:27:30,01-APR-09 15:27:30,"XHIBIT","XHIBIT",1,900
100,"Bench warrant in progress.",10,01-APR-09 15:27:30,01-APR-09 15:27:30,"XHIBIT","XHIBIT",1,1000
441,"Reporting restrictions. For details please see Court Manager.",45,01-APR-09 15:27:30,01-APR-09 15:27:30,"XHIBIT","XHIBIT",1,100
442,"In chambers, no entry.",45,01-APR-09 15:27:30,01-APR-09 15:27:30,"XHIBIT","XHIBIT",1,200
443,"Members of the public are requested not to enter.",45,01-APR-09 15:27:30,01-APR-09 15:27:30,"XHIBIT","XHIBIT",1,300
231,"Reporting restrictions. For details please see Court Manager.",24,01-APR-09 15:27:30,01-APR-09 15:27:30,"XHIBIT","XHIBIT",1,100
232,"In chambers, no entry.",24,01-APR-09 15:27:30,01-APR-09 15:27:30,"XHIBIT","XHIBIT",1,200
233,"Members of the public are requested not to enter.",24,01-APR-09 15:27:30,01-APR-09 15:27:30,"XHIBIT","XHIBIT",1,300
234,"TV link in progress - please enter quietly.",24,01-APR-09 15:27:30,01-APR-09 15:27:30,"XHIBIT","XHIBIT",1,400
235,"Video being played - please enter quietly.",24,01-APR-09 15:27:30,01-APR-09 15:27:30,"XHIBIT","XHIBIT",1,500
236,"If you wish to enter, please do so quietly.",24,01-APR-09 15:27:30,01-APR-09 15:27:30,"XHIBIT","XHIBIT",1,600
237,"Reporting restrictions lifted.",24,01-APR-09 15:27:30,01-APR-09 15:27:30,"XHIBIT","XHIBIT",1,700
238,"Please switch off mobile phones.",24,01-APR-09 15:27:30,01-APR-09 15:27:30,"XHIBIT","XHIBIT",1,800
239,"Food and drink must not be consumed in the courtrooms.",24,01-APR-09 15:27:30,01-APR-09 15:27:30,"XHIBIT","XHIBIT",1,900
240,"Bench warrant in progress.",24,01-APR-09 15:27:30,01-APR-09 15:27:30,"XHIBIT","XHIBIT",1,1000
511,"Reporting restrictions. For details please see Court Manager.",52,01-APR-09 15:27:30,01-APR-09 15:27:30,"XHIBIT","XHIBIT",1,100
512,"In chambers, no entry.",52,01-APR-09 15:27:30,01-APR-09 15:27:30,"XHIBIT","XHIBIT",1,200
513,"Members of the public are requested not to enter.",52,01-APR-09 15:27:30,01-APR-09 15:27:30,"XHIBIT","XHIBIT",1,300
514,"TV link in progress - please enter quietly.",52,01-APR-09 15:27:30,01-APR-09 15:27:30,"XHIBIT","XHIBIT",1,400
515,"Video being played - please enter quietly.",52,01-APR-09 15:27:30,01-APR-09 15:27:30,"XHIBIT","XHIBIT",1,500
516,"If you wish to enter, please do so quietly.",52,01-APR-09 15:27:30,01-APR-09 15:27:30,"XHIBIT","XHIBIT",1,600
517,"Reporting restrictions lifted.",52,01-APR-09 15:27:30,01-APR-09 15:27:30,"XHIBIT","XHIBIT",1,700
518,"Please switch off mobile phones.",52,01-APR-09 15:27:30,01-APR-09 15:27:30,"XHIBIT","XHIBIT",1,800
519,"Food and drink must not be consumed in the courtrooms.",52,01-APR-09 15:27:30,01-APR-09 15:27:30,"XHIBIT","XHIBIT",1,900
520,"Bench warrant in progress.",52,01-APR-09 15:27:30,01-APR-09 15:27:30,"XHIBIT","XHIBIT",1,1000
571,"Reporting restrictions. For details please see Court Manager.",58,01-APR-09 15:27:30,01-APR-09 15:27:30,"XHIBIT","XHIBIT",1,100
572,"In chambers, no entry.",58,01-APR-09 15:27:30,01-APR-09 15:27:30,"XHIBIT","XHIBIT",1,200
573,"Members of the public are requested not to enter.",58,01-APR-09 15:27:30,01-APR-09 15:27:30,"XHIBIT","XHIBIT",1,300
574,"TV link in progress - please enter quietly.",58,01-APR-09 15:27:30,01-APR-09 15:27:30,"XHIBIT","XHIBIT",1,400
575,"Video being played - please enter quietly.",58,01-APR-09 15:27:30,01-APR-09 15:27:30,"XHIBIT","XHIBIT",1,500
576,"If you wish to enter, please do so quietly.",58,01-APR-09 15:27:30,01-APR-09 15:27:30,"XHIBIT","XHIBIT",1,600
577,"Reporting restrictions lifted.",58,01-APR-09 15:27:30,01-APR-09 15:27:30,"XHIBIT","XHIBIT",1,700
578,"Please switch off mobile phones.",58,01-APR-09 15:27:30,01-APR-09 15:27:30,"XHIBIT","XHIBIT",1,800
579,"Food and drink must not be consumed in the courtrooms.",58,01-APR-09 15:27:30,01-APR-09 15:27:30,"XHIBIT","XHIBIT",1,900
580,"Bench warrant in progress.",58,01-APR-09 15:27:30,01-APR-09 15:27:30,"XHIBIT","XHIBIT",1,1000
71,"Reporting restrictions. For details please see Court Manager.",8,01-APR-09 15:27:30,01-APR-09 15:27:30,"XHIBIT","XHIBIT",1,100
72,"In chambers, no entry.",8,01-APR-09 15:27:30,01-APR-09 15:27:30,"XHIBIT","XHIBIT",1,200
73,"Members of the public are requested not to enter.",8,01-APR-09 15:27:30,01-APR-09 15:27:30,"XHIBIT","XHIBIT",1,300
74,"TV link in progress - please enter quietly.",8,01-APR-09 15:27:30,01-APR-09 15:27:30,"XHIBIT","XHIBIT",1,400
75,"Video being played - please enter quietly.",8,01-APR-09 15:27:30,01-APR-09 15:27:30,"XHIBIT","XHIBIT",1,500
76,"If you wish to enter, please do so quietly.",8,01-APR-09 15:27:30,01-APR-09 15:27:30,"XHIBIT","XHIBIT",1,600
77,"Reporting restrictions lifted.",8,01-APR-09 15:27:30,01-APR-09 15:27:30,"XHIBIT","XHIBIT",1,700
78,"Please switch off mobile phones.",8,01-APR-09 15:27:30,01-APR-09 15:27:30,"XHIBIT","XHIBIT",1,800
79,"Food and drink must not be consumed in the courtrooms.",8,01-APR-09 15:27:30,01-APR-09 15:27:30,"XHIBIT","XHIBIT",1,900
80,"Bench warrant in progress.",8,01-APR-09 15:27:30,01-APR-09 15:27:30,"XHIBIT","XHIBIT",1,1000
81,"Reporting restrictions. For details please see Court Manager.",9,01-APR-09 15:27:30,01-APR-09 15:27:30,"XHIBIT","XHIBIT",1,100
82,"In chambers, no entry.",9,01-APR-09 15:27:30,01-APR-09 15:27:30,"XHIBIT","XHIBIT",1,200
83,"Members of the public are requested not to enter.",9,01-APR-09 15:27:30,01-APR-09 15:27:30,"XHIBIT","XHIBIT",1,300
84,"TV link in progress - please enter quietly.",9,01-APR-09 15:27:30,01-APR-09 15:27:30,"XHIBIT","XHIBIT",1,400
85,"Video being played - please enter quietly.",9,01-APR-09 15:27:30,01-APR-09 15:27:30,"XHIBIT","XHIBIT",1,500
86,"If you wish to enter, please do so quietly.",9,01-APR-09 15:27:30,01-APR-09 15:27:30,"XHIBIT","XHIBIT",1,600
87,"Reporting restrictions lifted.",9,01-APR-09 15:27:30,01-APR-09 15:27:30,"XHIBIT","XHIBIT",1,700
88,"Please switch off mobile phones.",9,01-APR-09 15:27:30,01-APR-09 15:27:30,"XHIBIT","XHIBIT",1,800
89,"Food and drink must not be consumed in the courtrooms.",9,01-APR-09 15:27:30,01-APR-09 15:27:30,"XHIBIT","XHIBIT",1,900
90,"Bench warrant in progress.",9,01-APR-09 15:27:30,01-APR-09 15:27:30,"XHIBIT","XHIBIT",1,1000
481,"Reporting restrictions. For details please see Court Manager.",49,01-APR-09 15:27:30,01-APR-09 15:27:30,"XHIBIT","XHIBIT",1,100
482,"In chambers, no entry.",49,01-APR-09 15:27:30,01-APR-09 15:27:30,"XHIBIT","XHIBIT",1,200
483,"Members of the public are requested not to enter.",49,01-APR-09 15:27:30,01-APR-09 15:27:30,"XHIBIT","XHIBIT",1,300
484,"TV link in progress - please enter quietly.",49,01-APR-09 15:27:30,01-APR-09 15:27:30,"XHIBIT","XHIBIT",1,400
485,"Video being played - please enter quietly.",49,01-APR-09 15:27:30,01-APR-09 15:27:30,"XHIBIT","XHIBIT",1,500
486,"If you wish to enter, please do so quietly.",49,01-APR-09 15:27:30,01-APR-09 15:27:30,"XHIBIT","XHIBIT",1,600
487,"Reporting restrictions lifted.",49,01-APR-09 15:27:30,01-APR-09 15:27:30,"XHIBIT","XHIBIT",1,700
488,"Please switch off mobile phones.",49,01-APR-09 15:27:30,01-APR-09 15:27:30,"XHIBIT","XHIBIT",1,800
489,"Food and drink must not be consumed in the courtrooms.",49,01-APR-09 15:27:30,01-APR-09 15:27:30,"XHIBIT","XHIBIT",1,900
490,"Bench warrant in progress.",49,01-APR-09 15:27:30,01-APR-09 15:27:30,"XHIBIT","XHIBIT",1,1000
531,"Reporting restrictions. For details please see Court Manager.",54,01-APR-09 15:27:30,01-APR-09 15:27:30,"XHIBIT","XHIBIT",1,100
532,"In chambers, no entry.",54,01-APR-09 15:27:30,01-APR-09 15:27:30,"XHIBIT","XHIBIT",1,200
533,"Members of the public are requested not to enter.",54,01-APR-09 15:27:30,01-APR-09 15:27:30,"XHIBIT","XHIBIT",1,300
534,"TV link in progress - please enter quietly.",54,01-APR-09 15:27:30,01-APR-09 15:27:30,"XHIBIT","XHIBIT",1,400
535,"Video being played - please enter quietly.",54,01-APR-09 15:27:30,01-APR-09 15:27:30,"XHIBIT","XHIBIT",1,500
536,"If you wish to enter, please do so quietly.",54,01-APR-09 15:27:30,01-APR-09 15:27:30,"XHIBIT","XHIBIT",1,600
537,"Reporting restrictions lifted.",54,01-APR-09 15:27:30,01-APR-09 15:27:30,"XHIBIT","XHIBIT",1,700
538,"Please switch off mobile phones.",54,01-APR-09 15:27:30,01-APR-09 15:27:30,"XHIBIT","XHIBIT",1,800
539,"Food and drink must not be consumed in the courtrooms.",54,01-APR-09 15:27:30,01-APR-09 15:27:30,"XHIBIT","XHIBIT",1,900
540,"Bench warrant in progress.",54,01-APR-09 15:27:30,01-APR-09 15:27:30,"XHIBIT","XHIBIT",1,1000
521,"Reporting restrictions. For details please see Court Manager.",53,01-APR-09 15:27:30,01-APR-09 15:27:30,"XHIBIT","XHIBIT",1,100
522,"In chambers, no entry.",53,01-APR-09 15:27:30,01-APR-09 15:27:30,"XHIBIT","XHIBIT",1,200
523,"Members of the public are requested not to enter.",53,01-APR-09 15:27:30,01-APR-09 15:27:30,"XHIBIT","XHIBIT",1,300
524,"TV link in progress - please enter quietly.",53,01-APR-09 15:27:30,01-APR-09 15:27:30,"XHIBIT","XHIBIT",1,400
525,"Video being played - please enter quietly.",53,01-APR-09 15:27:30,01-APR-09 15:27:30,"XHIBIT","XHIBIT",1,500
526,"If you wish to enter, please do so quietly.",53,01-APR-09 15:27:30,01-APR-09 15:27:30,"XHIBIT","XHIBIT",1,600
527,"Reporting restrictions lifted.",53,01-APR-09 15:27:30,01-APR-09 15:27:30,"XHIBIT","XHIBIT",1,700
528,"Please switch off mobile phones.",53,01-APR-09 15:27:30,01-APR-09 15:27:30,"XHIBIT","XHIBIT",1,800
529,"Food and drink must not be consumed in the courtrooms.",53,01-APR-09 15:27:30,01-APR-09 15:27:30,"XHIBIT","XHIBIT",1,900
530,"Bench warrant in progress.",53,01-APR-09 15:27:30,01-APR-09 15:27:30,"XHIBIT","XHIBIT",1,1000
661,"Reporting restrictions. For details please see Court Manager.",67,01-APR-09 15:27:30,01-APR-09 15:27:30,"XHIBIT","XHIBIT",1,100
791,"Reporting restrictions. For details please see Court Manager.",80,01-APR-09 15:27:30,01-APR-09 15:27:30,"XHIBIT","XHIBIT",1,100
792,"In chambers, no entry.",80,01-APR-09 15:27:30,01-APR-09 15:27:30,"XHIBIT","XHIBIT",1,200
793,"Members of the public are requested not to enter.",80,01-APR-09 15:27:30,01-APR-09 15:27:30,"XHIBIT","XHIBIT",1,300
794,"TV link in progress - please enter quietly.",80,01-APR-09 15:27:30,01-APR-09 15:27:30,"XHIBIT","XHIBIT",1,400
795,"Video being played - please enter quietly.",80,01-APR-09 15:27:30,01-APR-09 15:27:30,"XHIBIT","XHIBIT",1,500
796,"If you wish to enter, please do so quietly.",80,01-APR-09 15:27:30,01-APR-09 15:27:30,"XHIBIT","XHIBIT",1,600
797,"Reporting restrictions lifted.",80,01-APR-09 15:27:30,01-APR-09 15:27:30,"XHIBIT","XHIBIT",1,700
798,"Please switch off mobile phones.",80,01-APR-09 15:27:30,01-APR-09 15:27:30,"XHIBIT","XHIBIT",1,800
799,"Food and drink must not be consumed in the courtrooms.",80,01-APR-09 15:27:30,01-APR-09 15:27:30,"XHIBIT","XHIBIT",1,900
800,"Bench warrant in progress.",80,01-APR-09 15:27:30,01-APR-09 15:27:30,"XHIBIT","XHIBIT",1,1000
662,"In chambers, no entry.",67,01-APR-09 15:27:30,01-APR-09 15:27:30,"XHIBIT","XHIBIT",1,200
663,"Members of the public are requested not to enter.",67,01-APR-09 15:27:30,01-APR-09 15:27:30,"XHIBIT","XHIBIT",1,300
664,"TV link in progress - please enter quietly.",67,01-APR-09 15:27:30,01-APR-09 15:27:30,"XHIBIT","XHIBIT",1,400
665,"Video being played - please enter quietly.",67,01-APR-09 15:27:30,01-APR-09 15:27:30,"XHIBIT","XHIBIT",1,500
666,"If you wish to enter, please do so quietly.",67,01-APR-09 15:27:30,01-APR-09 15:27:30,"XHIBIT","XHIBIT",1,600
667,"Reporting restrictions lifted.",67,01-APR-09 15:27:30,01-APR-09 15:27:30,"XHIBIT","XHIBIT",1,700
668,"Please switch off mobile phones.",67,01-APR-09 15:27:30,01-APR-09 15:27:30,"XHIBIT","XHIBIT",1,800
669,"Food and drink must not be consumed in the courtrooms.",67,01-APR-09 15:27:30,01-APR-09 15:27:30,"XHIBIT","XHIBIT",1,900
670,"Bench warrant in progress.",67,01-APR-09 15:27:30,01-APR-09 15:27:30,"XHIBIT","XHIBIT",1,1000
781,"Reporting restrictions. For details please see Court Manager.",79,01-APR-09 15:27:30,01-APR-09 15:27:30,"XHIBIT","XHIBIT",1,100
782,"In chambers, no entry.",79,01-APR-09 15:27:30,01-APR-09 15:27:30,"XHIBIT","XHIBIT",1,200
783,"Members of the public are requested not to enter.",79,01-APR-09 15:27:30,01-APR-09 15:27:30,"XHIBIT","XHIBIT",1,300
784,"TV link in progress - please enter quietly.",79,01-APR-09 15:27:30,01-APR-09 15:27:30,"XHIBIT","XHIBIT",1,400
785,"Video being played - please enter quietly.",79,01-APR-09 15:27:30,01-APR-09 15:27:30,"XHIBIT","XHIBIT",1,500
786,"If you wish to enter, please do so quietly.",79,01-APR-09 15:27:30,01-APR-09 15:27:30,"XHIBIT","XHIBIT",1,600
787,"Reporting restrictions lifted.",79,01-APR-09 15:27:30,01-APR-09 15:27:30,"XHIBIT","XHIBIT",1,700
788,"Please switch off mobile phones.",79,01-APR-09 15:27:30,01-APR-09 15:27:30,"XHIBIT","XHIBIT",1,800
789,"Food and drink must not be consumed in the courtrooms.",79,01-APR-09 15:27:30,01-APR-09 15:27:30,"XHIBIT","XHIBIT",1,900
790,"Bench warrant in progress.",79,01-APR-09 15:27:30,01-APR-09 15:27:30,"XHIBIT","XHIBIT",1,1000
241,"Reporting restrictions. For details please see Court Manager.",25,01-APR-09 15:27:30,01-APR-09 15:27:30,"XHIBIT","XHIBIT",1,100
242,"In chambers, no entry.",25,01-APR-09 15:27:30,01-APR-09 15:27:30,"XHIBIT","XHIBIT",1,200
243,"Members of the public are requested not to enter.",25,01-APR-09 15:27:30,01-APR-09 15:27:30,"XHIBIT","XHIBIT",1,300
244,"TV link in progress - please enter quietly.",25,01-APR-09 15:27:30,01-APR-09 15:27:30,"XHIBIT","XHIBIT",1,400
245,"Video being played - please enter quietly.",25,01-APR-09 15:27:30,01-APR-09 15:27:30,"XHIBIT","XHIBIT",1,500
246,"If you wish to enter, please do so quietly.",25,01-APR-09 15:27:30,01-APR-09 15:27:30,"XHIBIT","XHIBIT",1,600
247,"Reporting restrictions lifted.",25,01-APR-09 15:27:30,01-APR-09 15:27:30,"XHIBIT","XHIBIT",1,700
248,"Please switch off mobile phones.",25,01-APR-09 15:27:30,01-APR-09 15:27:30,"XHIBIT","XHIBIT",1,800
249,"Food and drink must not be consumed in the courtrooms.",25,01-APR-09 15:27:30,01-APR-09 15:27:30,"XHIBIT","XHIBIT",1,900
250,"Bench warrant in progress.",25,01-APR-09 15:27:30,01-APR-09 15:27:30,"XHIBIT","XHIBIT",1,1000
461,"Reporting restrictions. For details please see Court Manager.",47,01-APR-09 15:27:30,01-APR-09 15:27:30,"XHIBIT","XHIBIT",1,100
462,"In chambers, no entry.",47,01-APR-09 15:27:30,01-APR-09 15:27:30,"XHIBIT","XHIBIT",1,200
463,"Members of the public are requested not to enter.",47,01-APR-09 15:27:30,01-APR-09 15:27:30,"XHIBIT","XHIBIT",1,300
464,"TV link in progress - please enter quietly.",47,01-APR-09 15:27:30,01-APR-09 15:27:30,"XHIBIT","XHIBIT",1,400
465,"Video being played - please enter quietly.",47,01-APR-09 15:27:30,01-APR-09 15:27:30,"XHIBIT","XHIBIT",1,500
466,"If you wish to enter, please do so quietly.",47,01-APR-09 15:27:30,01-APR-09 15:27:30,"XHIBIT","XHIBIT",1,600
467,"Reporting restrictions lifted.",47,01-APR-09 15:27:30,01-APR-09 15:27:30,"XHIBIT","XHIBIT",1,700
468,"Please switch off mobile phones.",47,01-APR-09 15:27:30,01-APR-09 15:27:30,"XHIBIT","XHIBIT",1,800
469,"Food and drink must not be consumed in the courtrooms.",47,01-APR-09 15:27:30,01-APR-09 15:27:30,"XHIBIT","XHIBIT",1,900
470,"Bench warrant in progress.",47,01-APR-09 15:27:30,01-APR-09 15:27:30,"XHIBIT","XHIBIT",1,1000
491,"Reporting restrictions. For details please see Court Manager.",50,01-APR-09 15:27:30,01-APR-09 15:27:30,"XHIBIT","XHIBIT",1,100
492,"In chambers, no entry.",50,01-APR-09 15:27:30,01-APR-09 15:27:30,"XHIBIT","XHIBIT",1,200
493,"Members of the public are requested not to enter.",50,01-APR-09 15:27:30,01-APR-09 15:27:30,"XHIBIT","XHIBIT",1,300
494,"TV link in progress - please enter quietly.",50,01-APR-09 15:27:30,01-APR-09 15:27:30,"XHIBIT","XHIBIT",1,400
495,"Video being played - please enter quietly.",50,01-APR-09 15:27:30,01-APR-09 15:27:30,"XHIBIT","XHIBIT",1,500
496,"If you wish to enter, please do so quietly.",50,01-APR-09 15:27:30,01-APR-09 15:27:30,"XHIBIT","XHIBIT",1,600
497,"Reporting restrictions lifted.",50,01-APR-09 15:27:30,01-APR-09 15:27:30,"XHIBIT","XHIBIT",1,700
498,"Please switch off mobile phones.",50,01-APR-09 15:27:30,01-APR-09 15:27:30,"XHIBIT","XHIBIT",1,800
499,"Food and drink must not be consumed in the courtrooms.",50,01-APR-09 15:27:30,01-APR-09 15:27:30,"XHIBIT","XHIBIT",1,900
500,"Bench warrant in progress.",50,01-APR-09 15:27:30,01-APR-09 15:27:30,"XHIBIT","XHIBIT",1,1000
771,"Reporting restrictions. For details please see Court Manager.",78,01-APR-09 15:27:30,01-APR-09 15:27:30,"XHIBIT","XHIBIT",1,100
772,"In chambers, no entry.",78,01-APR-09 15:27:30,01-APR-09 15:27:30,"XHIBIT","XHIBIT",1,200
773,"Members of the public are requested not to enter.",78,01-APR-09 15:27:30,01-APR-09 15:27:30,"XHIBIT","XHIBIT",1,300
774,"TV link in progress - please enter quietly.",78,01-APR-09 15:27:30,01-APR-09 15:27:30,"XHIBIT","XHIBIT",1,400
775,"Video being played - please enter quietly.",78,01-APR-09 15:27:30,01-APR-09 15:27:30,"XHIBIT","XHIBIT",1,500
776,"If you wish to enter, please do so quietly.",78,01-APR-09 15:27:30,01-APR-09 15:27:30,"XHIBIT","XHIBIT",1,600
777,"Reporting restrictions lifted.",78,01-APR-09 15:27:30,01-APR-09 15:27:30,"XHIBIT","XHIBIT",1,700
778,"Please switch off mobile phones.",78,01-APR-09 15:27:30,01-APR-09 15:27:30,"XHIBIT","XHIBIT",1,800
779,"Food and drink must not be consumed in the courtrooms.",78,01-APR-09 15:27:30,01-APR-09 15:27:30,"XHIBIT","XHIBIT",1,900
780,"Bench warrant in progress.",78,01-APR-09 15:27:30,01-APR-09 15:27:30,"XHIBIT","XHIBIT",1,1000
431,"Reporting restrictions. For details please see Court Manager.",44,01-APR-09 15:27:30,01-APR-09 15:27:30,"XHIBIT","XHIBIT",1,100
432,"In chambers, no entry.",44,01-APR-09 15:27:30,01-APR-09 15:27:30,"XHIBIT","XHIBIT",1,200
433,"Members of the public are requested not to enter.",44,01-APR-09 15:27:30,01-APR-09 15:27:30,"XHIBIT","XHIBIT",1,300
434,"TV link in progress - please enter quietly.",44,01-APR-09 15:27:30,01-APR-09 15:27:30,"XHIBIT","XHIBIT",1,400
435,"Video being played - please enter quietly.",44,01-APR-09 15:27:30,01-APR-09 15:27:30,"XHIBIT","XHIBIT",1,500
436,"If you wish to enter, please do so quietly.",44,01-APR-09 15:27:30,01-APR-09 15:27:30,"XHIBIT","XHIBIT",1,600
437,"Reporting restrictions lifted.",44,01-APR-09 15:27:30,01-APR-09 15:27:30,"XHIBIT","XHIBIT",1,700
438,"Please switch off mobile phones.",44,01-APR-09 15:27:30,01-APR-09 15:27:30,"XHIBIT","XHIBIT",1,800
439,"Food and drink must not be consumed in the courtrooms.",44,01-APR-09 15:27:30,01-APR-09 15:27:30,"XHIBIT","XHIBIT",1,900
440,"Bench warrant in progress.",44,01-APR-09 15:27:30,01-APR-09 15:27:30,"XHIBIT","XHIBIT",1,1000
381,"Reporting restrictions. For details please see Court Manager.",39,01-APR-09 15:27:30,01-APR-09 15:27:30,"XHIBIT","XHIBIT",1,100
382,"In chambers, no entry.",39,01-APR-09 15:27:30,01-APR-09 15:27:30,"XHIBIT","XHIBIT",1,200
7,"Reporting restrictions lifted.",1,01-APR-09 15:27:30,01-APR-09 15:27:30,"XHIBIT","XHIBIT",1,700
8,"Please switch off mobile phones.",1,01-APR-09 15:27:30,01-APR-09 15:27:30,"XHIBIT","XHIBIT",1,800
9,"Food and drink must not be consumed in the courtrooms.",1,01-APR-09 15:27:30,01-APR-09 15:27:30,"XHIBIT","XHIBIT",1,900
10,"Bench warrant in progress.",1,01-APR-09 15:27:30,01-APR-09 15:27:30,"XHIBIT","XHIBIT",1,1000
11,"Reporting restrictions. For details please see Court Manager.",2,01-APR-09 15:27:30,01-APR-09 15:27:30,"XHIBIT","XHIBIT",1,100
12,"In chambers, no entry.",2,01-APR-09 15:27:30,01-APR-09 15:27:30,"XHIBIT","XHIBIT",1,200
13,"Members of the public are requested not to enter.",2,01-APR-09 15:27:30,01-APR-09 15:27:30,"XHIBIT","XHIBIT",1,300
14,"TV link in progress - please enter quietly.",2,01-APR-09 15:27:30,01-APR-09 15:27:30,"XHIBIT","XHIBIT",1,400
15,"Video being played - please enter quietly.",2,01-APR-09 15:27:30,01-APR-09 15:27:30,"XHIBIT","XHIBIT",1,500
16,"If you wish to enter, please do so quietly.",2,01-APR-09 15:27:30,01-APR-09 15:27:30,"XHIBIT","XHIBIT",1,600
17,"Reporting restrictions lifted.",2,01-APR-09 15:27:30,01-APR-09 15:27:30,"XHIBIT","XHIBIT",1,700
18,"Please switch off mobile phones.",2,01-APR-09 15:27:30,01-APR-09 15:27:30,"XHIBIT","XHIBIT",1,800
19,"Food and drink must not be consumed in the courtrooms.",2,01-APR-09 15:27:30,01-APR-09 15:27:30,"XHIBIT","XHIBIT",1,900
20,"Bench warrant in progress.",2,01-APR-09 15:27:30,01-APR-09 15:27:30,"XHIBIT","XHIBIT",1,1000
21,"Reporting restrictions. For details please see Court Manager.",3,01-APR-09 15:27:30,01-APR-09 15:27:30,"XHIBIT","XHIBIT",1,100
22,"In chambers, no entry.",3,01-APR-09 15:27:30,01-APR-09 15:27:30,"XHIBIT","XHIBIT",1,200
23,"Members of the public are requested not to enter.",3,01-APR-09 15:27:30,01-APR-09 15:27:30,"XHIBIT","XHIBIT",1,300
24,"TV link in progress - please enter quietly.",3,01-APR-09 15:27:30,01-APR-09 15:27:30,"XHIBIT","XHIBIT",1,400
25,"Video being played - please enter quietly.",3,01-APR-09 15:27:30,01-APR-09 15:27:30,"XHIBIT","XHIBIT",1,500
26,"If you wish to enter, please do so quietly.",3,01-APR-09 15:27:30,01-APR-09 15:27:30,"XHIBIT","XHIBIT",1,600
27,"Reporting restrictions lifted.",3,01-APR-09 15:27:30,01-APR-09 15:27:30,"XHIBIT","XHIBIT",1,700
28,"Please switch off mobile phones.",3,01-APR-09 15:27:30,01-APR-09 15:27:30,"XHIBIT","XHIBIT",1,800
29,"Food and drink must not be consumed in the courtrooms.",3,01-APR-09 15:27:30,01-APR-09 15:27:30,"XHIBIT","XHIBIT",1,900
30,"Bench warrant in progress.",3,01-APR-09 15:27:30,01-APR-09 15:27:30,"XHIBIT","XHIBIT",1,1000
211,"Reporting restrictions. For details please see Court Manager.",22,01-APR-09 15:27:30,01-APR-09 15:27:30,"XHIBIT","XHIBIT",1,100
212,"In chambers, no entry.",22,01-APR-09 15:27:30,01-APR-09 15:27:30,"XHIBIT","XHIBIT",1,200
213,"Members of the public are requested not to enter.",22,01-APR-09 15:27:30,01-APR-09 15:27:30,"XHIBIT","XHIBIT",1,300
214,"TV link in progress - please enter quietly.",22,01-APR-09 15:27:30,01-APR-09 15:27:30,"XHIBIT","XHIBIT",1,400
215,"Video being played - please enter quietly.",22,01-APR-09 15:27:30,01-APR-09 15:27:30,"XHIBIT","XHIBIT",1,500
216,"If you wish to enter, please do so quietly.",22,01-APR-09 15:27:30,01-APR-09 15:27:30,"XHIBIT","XHIBIT",1,600
217,"Reporting restrictions lifted.",22,01-APR-09 15:27:30,01-APR-09 15:27:30,"XHIBIT","XHIBIT",1,700
218,"Please switch off mobile phones.",22,01-APR-09 15:27:30,01-APR-09 15:27:30,"XHIBIT","XHIBIT",1,800
219,"Food and drink must not be consumed in the courtrooms.",22,01-APR-09 15:27:30,01-APR-09 15:27:30,"XHIBIT","XHIBIT",1,900
220,"Bench warrant in progress.",22,01-APR-09 15:27:30,01-APR-09 15:27:30,"XHIBIT","XHIBIT",1,1000
281,"Reporting restrictions. For details please see Court Manager.",29,01-APR-09 15:27:30,01-APR-09 15:27:30,"XHIBIT","XHIBIT",1,100
282,"In chambers, no entry.",29,01-APR-09 15:27:30,01-APR-09 15:27:30,"XHIBIT","XHIBIT",1,200
283,"Members of the public are requested not to enter.",29,01-APR-09 15:27:30,01-APR-09 15:27:30,"XHIBIT","XHIBIT",1,300
284,"TV link in progress - please enter quietly.",29,01-APR-09 15:27:30,01-APR-09 15:27:30,"XHIBIT","XHIBIT",1,400
285,"Video being played - please enter quietly.",29,01-APR-09 15:27:30,01-APR-09 15:27:30,"XHIBIT","XHIBIT",1,500
286,"If you wish to enter, please do so quietly.",29,01-APR-09 15:27:30,01-APR-09 15:27:30,"XHIBIT","XHIBIT",1,600
287,"Reporting restrictions lifted.",29,01-APR-09 15:27:30,01-APR-09 15:27:30,"XHIBIT","XHIBIT",1,700
288,"Please switch off mobile phones.",29,01-APR-09 15:27:30,01-APR-09 15:27:30,"XHIBIT","XHIBIT",1,800
289,"Food and drink must not be consumed in the courtrooms.",29,01-APR-09 15:27:30,01-APR-09 15:27:30,"XHIBIT","XHIBIT",1,900
290,"Bench warrant in progress.",29,01-APR-09 15:27:30,01-APR-09 15:27:30,"XHIBIT","XHIBIT",1,1000
271,"Reporting restrictions. For details please see Court Manager.",28,01-APR-09 15:27:30,01-APR-09 15:27:30,"XHIBIT","XHIBIT",1,100
272,"In chambers, no entry.",28,01-APR-09 15:27:30,01-APR-09 15:27:30,"XHIBIT","XHIBIT",1,200
273,"Members of the public are requested not to enter.",28,01-APR-09 15:27:30,01-APR-09 15:27:30,"XHIBIT","XHIBIT",1,300
274,"TV link in progress - please enter quietly.",28,01-APR-09 15:27:30,01-APR-09 15:27:30,"XHIBIT","XHIBIT",1,400
275,"Video being played - please enter quietly.",28,01-APR-09 15:27:30,01-APR-09 15:27:30,"XHIBIT","XHIBIT",1,500
276,"If you wish to enter, please do so quietly.",28,01-APR-09 15:27:30,01-APR-09 15:27:30,"XHIBIT","XHIBIT",1,600
277,"Reporting restrictions lifted.",28,01-APR-09 15:27:30,01-APR-09 15:27:30,"XHIBIT","XHIBIT",1,700
278,"Please switch off mobile phones.",28,01-APR-09 15:27:30,01-APR-09 15:27:30,"XHIBIT","XHIBIT",1,800
279,"Food and drink must not be consumed in the courtrooms.",28,01-APR-09 15:27:30,01-APR-09 15:27:30,"XHIBIT","XHIBIT",1,900
280,"Bench warrant in progress.",28,01-APR-09 15:27:30,01-APR-09 15:27:30,"XHIBIT","XHIBIT",1,1000
291,"Reporting restrictions. For details please see Court Manager.",30,01-APR-09 15:27:30,01-APR-09 15:27:30,"XHIBIT","XHIBIT",1,100
292,"In chambers, no entry.",30,01-APR-09 15:27:30,01-APR-09 15:27:30,"XHIBIT","XHIBIT",1,200
293,"Members of the public are requested not to enter.",30,01-APR-09 15:27:30,01-APR-09 15:27:30,"XHIBIT","XHIBIT",1,300
294,"TV link in progress - please enter quietly.",30,01-APR-09 15:27:30,01-APR-09 15:27:30,"XHIBIT","XHIBIT",1,400
295,"Video being played - please enter quietly.",30,01-APR-09 15:27:30,01-APR-09 15:27:30,"XHIBIT","XHIBIT",1,500
296,"If you wish to enter, please do so quietly.",30,01-APR-09 15:27:30,01-APR-09 15:27:30,"XHIBIT","XHIBIT",1,600
297,"Reporting restrictions lifted.",30,01-APR-09 15:27:30,01-APR-09 15:27:30,"XHIBIT","XHIBIT",1,700
298,"Please switch off mobile phones.",30,01-APR-09 15:27:30,01-APR-09 15:27:30,"XHIBIT","XHIBIT",1,800
299,"Food and drink must not be consumed in the courtrooms.",30,01-APR-09 15:27:30,01-APR-09 15:27:30,"XHIBIT","XHIBIT",1,900
300,"Bench warrant in progress.",30,01-APR-09 15:27:30,01-APR-09 15:27:30,"XHIBIT","XHIBIT",1,1000
621,"Reporting restrictions. For details please see Court Manager.",63,01-APR-09 15:27:30,01-APR-09 15:27:30,"XHIBIT","XHIBIT",1,100
622,"In chambers, no entry.",63,01-APR-09 15:27:30,01-APR-09 15:27:30,"XHIBIT","XHIBIT",1,200
623,"Members of the public are requested not to enter.",63,01-APR-09 15:27:30,01-APR-09 15:27:30,"XHIBIT","XHIBIT",1,300
624,"TV link in progress - please enter quietly.",63,01-APR-09 15:27:30,01-APR-09 15:27:30,"XHIBIT","XHIBIT",1,400
625,"Video being played - please enter quietly.",63,01-APR-09 15:27:30,01-APR-09 15:27:30,"XHIBIT","XHIBIT",1,500
626,"If you wish to enter, please do so quietly.",63,01-APR-09 15:27:30,01-APR-09 15:27:30,"XHIBIT","XHIBIT",1,600
627,"Reporting restrictions lifted.",63,01-APR-09 15:27:30,01-APR-09 15:27:30,"XHIBIT","XHIBIT",1,700
628,"Please switch off mobile phones.",63,01-APR-09 15:27:30,01-APR-09 15:27:30,"XHIBIT","XHIBIT",1,800
629,"Food and drink must not be consumed in the courtrooms.",63,01-APR-09 15:27:30,01-APR-09 15:27:30,"XHIBIT","XHIBIT",1,900
630,"Bench warrant in progress.",63,01-APR-09 15:27:30,01-APR-09 15:27:30,"XHIBIT","XHIBIT",1,1000
631,"Reporting restrictions. For details please see Court Manager.",64,01-APR-09 15:27:30,01-APR-09 15:27:30,"XHIBIT","XHIBIT",1,100
632,"In chambers, no entry.",64,01-APR-09 15:27:30,01-APR-09 15:27:30,"XHIBIT","XHIBIT",1,200
633,"Members of the public are requested not to enter.",64,01-APR-09 15:27:30,01-APR-09 15:27:30,"XHIBIT","XHIBIT",1,300
634,"TV link in progress - please enter quietly.",64,01-APR-09 15:27:30,01-APR-09 15:27:30,"XHIBIT","XHIBIT",1,400
635,"Video being played - please enter quietly.",64,01-APR-09 15:27:30,01-APR-09 15:27:30,"XHIBIT","XHIBIT",1,500
636,"If you wish to enter, please do so quietly.",64,01-APR-09 15:27:30,01-APR-09 15:27:30,"XHIBIT","XHIBIT",1,600
637,"Reporting restrictions lifted.",64,01-APR-09 15:27:30,01-APR-09 15:27:30,"XHIBIT","XHIBIT",1,700
559,"Food and drink must not be consumed in the courtrooms.",56,01-APR-09 15:27:30,01-APR-09 15:27:30,"XHIBIT","XHIBIT",1,900
560,"Bench warrant in progress.",56,01-APR-09 15:27:30,01-APR-09 15:27:30,"XHIBIT","XHIBIT",1,1000
731,"Reporting restrictions. For details please see Court Manager.",74,01-APR-09 15:27:30,01-APR-09 15:27:30,"XHIBIT","XHIBIT",1,100
732,"In chambers, no entry.",74,01-APR-09 15:27:30,01-APR-09 15:27:30,"XHIBIT","XHIBIT",1,200
733,"Members of the public are requested not to enter.",74,01-APR-09 15:27:30,01-APR-09 15:27:30,"XHIBIT","XHIBIT",1,300
734,"TV link in progress - please enter quietly.",74,01-APR-09 15:27:30,01-APR-09 15:27:30,"XHIBIT","XHIBIT",1,400
735,"Video being played - please enter quietly.",74,01-APR-09 15:27:30,01-APR-09 15:27:30,"XHIBIT","XHIBIT",1,500
736,"If you wish to enter, please do so quietly.",74,01-APR-09 15:27:30,01-APR-09 15:27:30,"XHIBIT","XHIBIT",1,600
737,"Reporting restrictions lifted.",74,01-APR-09 15:27:30,01-APR-09 15:27:30,"XHIBIT","XHIBIT",1,700
738,"Please switch off mobile phones.",74,01-APR-09 15:27:30,01-APR-09 15:27:30,"XHIBIT","XHIBIT",1,800
739,"Food and drink must not be consumed in the courtrooms.",74,01-APR-09 15:27:30,01-APR-09 15:27:30,"XHIBIT","XHIBIT",1,900
740,"Bench warrant in progress.",74,01-APR-09 15:27:30,01-APR-09 15:27:30,"XHIBIT","XHIBIT",1,1000
641,"Reporting restrictions. For details please see Court Manager.",65,01-APR-09 15:27:30,01-APR-09 15:27:30,"XHIBIT","XHIBIT",1,100
642,"In chambers, no entry.",65,01-APR-09 15:27:30,01-APR-09 15:27:30,"XHIBIT","XHIBIT",1,200
643,"Members of the public are requested not to enter.",65,01-APR-09 15:27:30,01-APR-09 15:27:30,"XHIBIT","XHIBIT",1,300
644,"TV link in progress - please enter quietly.",65,01-APR-09 15:27:30,01-APR-09 15:27:30,"XHIBIT","XHIBIT",1,400
645,"Video being played - please enter quietly.",65,01-APR-09 15:27:30,01-APR-09 15:27:30,"XHIBIT","XHIBIT",1,500
646,"If you wish to enter, please do so quietly.",65,01-APR-09 15:27:30,01-APR-09 15:27:30,"XHIBIT","XHIBIT",1,600
647,"Reporting restrictions lifted.",65,01-APR-09 15:27:30,01-APR-09 15:27:30,"XHIBIT","XHIBIT",1,700
648,"Please switch off mobile phones.",65,01-APR-09 15:27:30,01-APR-09 15:27:30,"XHIBIT","XHIBIT",1,800
649,"Food and drink must not be consumed in the courtrooms.",65,01-APR-09 15:27:30,01-APR-09 15:27:30,"XHIBIT","XHIBIT",1,900
650,"Bench warrant in progress.",65,01-APR-09 15:27:30,01-APR-09 15:27:30,"XHIBIT","XHIBIT",1,1000
761,"Reporting restrictions. For details please see Court Manager.",77,01-APR-09 15:27:30,01-APR-09 15:27:30,"XHIBIT","XHIBIT",1,100
762,"In chambers, no entry.",77,01-APR-09 15:27:30,01-APR-09 15:27:30,"XHIBIT","XHIBIT",1,200
763,"Members of the public are requested not to enter.",77,01-APR-09 15:27:30,01-APR-09 15:27:30,"XHIBIT","XHIBIT",1,300
764,"TV link in progress - please enter quietly.",77,01-APR-09 15:27:30,01-APR-09 15:27:30,"XHIBIT","XHIBIT",1,400
765,"Video being played - please enter quietly.",77,01-APR-09 15:27:30,01-APR-09 15:27:30,"XHIBIT","XHIBIT",1,500
766,"If you wish to enter, please do so quietly.",77,01-APR-09 15:27:30,01-APR-09 15:27:30,"XHIBIT","XHIBIT",1,600
767,"Reporting restrictions lifted.",77,01-APR-09 15:27:30,01-APR-09 15:27:30,"XHIBIT","XHIBIT",1,700
768,"Please switch off mobile phones.",77,01-APR-09 15:27:30,01-APR-09 15:27:30,"XHIBIT","XHIBIT",1,800
769,"Food and drink must not be consumed in the courtrooms.",77,01-APR-09 15:27:30,01-APR-09 15:27:30,"XHIBIT","XHIBIT",1,900
770,"Bench warrant in progress.",77,01-APR-09 15:27:30,01-APR-09 15:27:30,"XHIBIT","XHIBIT",1,1000
601,"Reporting restrictions. For details please see Court Manager.",61,01-APR-09 15:27:30,01-APR-09 15:27:30,"XHIBIT","XHIBIT",1,100
602,"In chambers, no entry.",61,01-APR-09 15:27:30,01-APR-09 15:27:30,"XHIBIT","XHIBIT",1,200
603,"Members of the public are requested not to enter.",61,01-APR-09 15:27:30,01-APR-09 15:27:30,"XHIBIT","XHIBIT",1,300
604,"TV link in progress - please enter quietly.",61,01-APR-09 15:27:30,01-APR-09 15:27:30,"XHIBIT","XHIBIT",1,400
605,"Video being played - please enter quietly.",61,01-APR-09 15:27:30,01-APR-09 15:27:30,"XHIBIT","XHIBIT",1,500
606,"If you wish to enter, please do so quietly.",61,01-APR-09 15:27:30,01-APR-09 15:27:30,"XHIBIT","XHIBIT",1,600
607,"Reporting restrictions lifted.",61,01-APR-09 15:27:30,01-APR-09 15:27:30,"XHIBIT","XHIBIT",1,700
608,"Please switch off mobile phones.",61,01-APR-09 15:27:30,01-APR-09 15:27:30,"XHIBIT","XHIBIT",1,800
609,"Food and drink must not be consumed in the courtrooms.",61,01-APR-09 15:27:30,01-APR-09 15:27:30,"XHIBIT","XHIBIT",1,900
610,"Bench warrant in progress.",61,01-APR-09 15:27:30,01-APR-09 15:27:30,"XHIBIT","XHIBIT",1,1000
161,"Reporting restrictions. For details please see Court Manager.",17,01-APR-09 15:27:30,01-APR-09 15:27:30,"XHIBIT","XHIBIT",1,100
162,"In chambers, no entry.",17,01-APR-09 15:27:30,01-APR-09 15:27:30,"XHIBIT","XHIBIT",1,200
163,"Members of the public are requested not to enter.",17,01-APR-09 15:27:30,01-APR-09 15:27:30,"XHIBIT","XHIBIT",1,300
164,"TV link in progress - please enter quietly.",17,01-APR-09 15:27:30,01-APR-09 15:27:30,"XHIBIT","XHIBIT",1,400
165,"Video being played - please enter quietly.",17,01-APR-09 15:27:30,01-APR-09 15:27:30,"XHIBIT","XHIBIT",1,500
166,"If you wish to enter, please do so quietly.",17,01-APR-09 15:27:30,01-APR-09 15:27:30,"XHIBIT","XHIBIT",1,600
167,"Reporting restrictions lifted.",17,01-APR-09 15:27:30,01-APR-09 15:27:30,"XHIBIT","XHIBIT",1,700
168,"Please switch off mobile phones.",17,01-APR-09 15:27:30,01-APR-09 15:27:30,"XHIBIT","XHIBIT",1,800
169,"Food and drink must not be consumed in the courtrooms.",17,01-APR-09 15:27:30,01-APR-09 15:27:30,"XHIBIT","XHIBIT",1,900
170,"Bench warrant in progress.",17,01-APR-09 15:27:30,01-APR-09 15:27:30,"XHIBIT","XHIBIT",1,1000
311,"Reporting restrictions. For details please see Court Manager.",32,01-APR-09 15:27:30,01-APR-09 15:27:30,"XHIBIT","XHIBIT",1,100
312,"In chambers, no entry.",32,01-APR-09 15:27:30,01-APR-09 15:27:30,"XHIBIT","XHIBIT",1,200
313,"Members of the public are requested not to enter.",32,01-APR-09 15:27:30,01-APR-09 15:27:30,"XHIBIT","XHIBIT",1,300
314,"TV link in progress - please enter quietly.",32,01-APR-09 15:27:30,01-APR-09 15:27:30,"XHIBIT","XHIBIT",1,400
315,"Video being played - please enter quietly.",32,01-APR-09 15:27:30,01-APR-09 15:27:30,"XHIBIT","XHIBIT",1,500
316,"If you wish to enter, please do so quietly.",32,01-APR-09 15:27:30,01-APR-09 15:27:30,"XHIBIT","XHIBIT",1,600
317,"Reporting restrictions lifted.",32,01-APR-09 15:27:30,01-APR-09 15:27:30,"XHIBIT","XHIBIT",1,700
318,"Please switch off mobile phones.",32,01-APR-09 15:27:30,01-APR-09 15:27:30,"XHIBIT","XHIBIT",1,800
319,"Food and drink must not be consumed in the courtrooms.",32,01-APR-09 15:27:30,01-APR-09 15:27:30,"XHIBIT","XHIBIT",1,900
320,"Bench warrant in progress.",32,01-APR-09 15:27:30,01-APR-09 15:27:30,"XHIBIT","XHIBIT",1,1000
321,"Reporting restrictions. For details please see Court Manager.",33,01-APR-09 15:27:30,01-APR-09 15:27:30,"XHIBIT","XHIBIT",1,100
322,"In chambers, no entry.",33,01-APR-09 15:27:30,01-APR-09 15:27:30,"XHIBIT","XHIBIT",1,200
323,"Members of the public are requested not to enter.",33,01-APR-09 15:27:30,01-APR-09 15:27:30,"XHIBIT","XHIBIT",1,300
324,"TV link in progress - please enter quietly.",33,01-APR-09 15:27:30,01-APR-09 15:27:30,"XHIBIT","XHIBIT",1,400
325,"Video being played - please enter quietly.",33,01-APR-09 15:27:30,01-APR-09 15:27:30,"XHIBIT","XHIBIT",1,500
326,"If you wish to enter, please do so quietly.",33,01-APR-09 15:27:30,01-APR-09 15:27:30,"XHIBIT","XHIBIT",1,600
327,"Reporting restrictions lifted.",33,01-APR-09 15:27:30,01-APR-09 15:27:30,"XHIBIT","XHIBIT",1,700
328,"Please switch off mobile phones.",33,01-APR-09 15:27:30,01-APR-09 15:27:30,"XHIBIT","XHIBIT",1,800
329,"Food and drink must not be consumed in the courtrooms.",33,01-APR-09 15:27:30,01-APR-09 15:27:30,"XHIBIT","XHIBIT",1,900
330,"Bench warrant in progress.",33,01-APR-09 15:27:30,01-APR-09 15:27:30,"XHIBIT","XHIBIT",1,1000
391,"Reporting restrictions. For details please see Court Manager.",40,01-APR-09 15:27:30,01-APR-09 15:27:30,"XHIBIT","XHIBIT",1,100
392,"In chambers, no entry.",40,01-APR-09 15:27:30,01-APR-09 15:27:30,"XHIBIT","XHIBIT",1,200
393,"Members of the public are requested not to enter.",40,01-APR-09 15:27:30,01-APR-09 15:27:30,"XHIBIT","XHIBIT",1,300
394,"TV link in progress - please enter quietly.",40,01-APR-09 15:27:30,01-APR-09 15:27:30,"XHIBIT","XHIBIT",1,400
395,"Video being played - please enter quietly.",40,01-APR-09 15:27:30,01-APR-09 15:27:30,"XHIBIT","XHIBIT",1,500
396,"If you wish to enter, please do so quietly.",40,01-APR-09 15:27:30,01-APR-09 15:27:30,"XHIBIT","XHIBIT",1,600
397,"Reporting restrictions lifted.",40,01-APR-09 15:27:30,01-APR-09 15:27:30,"XHIBIT","XHIBIT",1,700
398,"Please switch off mobile phones.",40,01-APR-09 15:27:30,01-APR-09 15:27:30,"XHIBIT","XHIBIT",1,800
399,"Food and drink must not be consumed in the courtrooms.",40,01-APR-09 15:27:30,01-APR-09 15:27:30,"XHIBIT","XHIBIT",1,900
638,"Please switch off mobile phones.",64,01-APR-09 15:27:30,01-APR-09 15:27:30,"XHIBIT","XHIBIT",1,800
639,"Food and drink must not be consumed in the courtrooms.",64,01-APR-09 15:27:30,01-APR-09 15:27:30,"XHIBIT","XHIBIT",1,900
640,"Bench warrant in progress.",64,01-APR-09 15:27:30,01-APR-09 15:27:30,"XHIBIT","XHIBIT",1,1000
361,"Reporting restrictions. For details please see Court Manager.",37,01-APR-09 15:27:30,01-APR-09 15:27:30,"XHIBIT","XHIBIT",1,100
362,"In chambers, no entry.",37,01-APR-09 15:27:30,01-APR-09 15:27:30,"XHIBIT","XHIBIT",1,200
363,"Members of the public are requested not to enter.",37,01-APR-09 15:27:30,01-APR-09 15:27:30,"XHIBIT","XHIBIT",1,300
364,"TV link in progress - please enter quietly.",37,01-APR-09 15:27:30,01-APR-09 15:27:30,"XHIBIT","XHIBIT",1,400
365,"Video being played - please enter quietly.",37,01-APR-09 15:27:30,01-APR-09 15:27:30,"XHIBIT","XHIBIT",1,500
366,"If you wish to enter, please do so quietly.",37,01-APR-09 15:27:30,01-APR-09 15:27:30,"XHIBIT","XHIBIT",1,600
367,"Reporting restrictions lifted.",37,01-APR-09 15:27:30,01-APR-09 15:27:30,"XHIBIT","XHIBIT",1,700
368,"Please switch off mobile phones.",37,01-APR-09 15:27:30,01-APR-09 15:27:30,"XHIBIT","XHIBIT",1,800
369,"Food and drink must not be consumed in the courtrooms.",37,01-APR-09 15:27:30,01-APR-09 15:27:30,"XHIBIT","XHIBIT",1,900
370,"Bench warrant in progress.",37,01-APR-09 15:27:30,01-APR-09 15:27:30,"XHIBIT","XHIBIT",1,1000
301,"Reporting restrictions. For details please see Court Manager.",31,01-APR-09 15:27:30,01-APR-09 15:27:30,"XHIBIT","XHIBIT",1,100
302,"In chambers, no entry.",31,01-APR-09 15:27:30,01-APR-09 15:27:30,"XHIBIT","XHIBIT",1,200
303,"Members of the public are requested not to enter.",31,01-APR-09 15:27:30,01-APR-09 15:27:30,"XHIBIT","XHIBIT",1,300
304,"TV link in progress - please enter quietly.",31,01-APR-09 15:27:30,01-APR-09 15:27:30,"XHIBIT","XHIBIT",1,400
305,"Video being played - please enter quietly.",31,01-APR-09 15:27:30,01-APR-09 15:27:30,"XHIBIT","XHIBIT",1,500
306,"If you wish to enter, please do so quietly.",31,01-APR-09 15:27:30,01-APR-09 15:27:30,"XHIBIT","XHIBIT",1,600
307,"Reporting restrictions lifted.",31,01-APR-09 15:27:30,01-APR-09 15:27:30,"XHIBIT","XHIBIT",1,700
308,"Please switch off mobile phones.",31,01-APR-09 15:27:30,01-APR-09 15:27:30,"XHIBIT","XHIBIT",1,800
309,"Food and drink must not be consumed in the courtrooms.",31,01-APR-09 15:27:30,01-APR-09 15:27:30,"XHIBIT","XHIBIT",1,900
310,"Bench warrant in progress.",31,01-APR-09 15:27:30,01-APR-09 15:27:30,"XHIBIT","XHIBIT",1,1000
331,"Reporting restrictions. For details please see Court Manager.",34,01-APR-09 15:27:30,01-APR-09 15:27:30,"XHIBIT","XHIBIT",1,100
332,"In chambers, no entry.",34,01-APR-09 15:27:30,01-APR-09 15:27:30,"XHIBIT","XHIBIT",1,200
333,"Members of the public are requested not to enter.",34,01-APR-09 15:27:30,01-APR-09 15:27:30,"XHIBIT","XHIBIT",1,300
334,"TV link in progress - please enter quietly.",34,01-APR-09 15:27:30,01-APR-09 15:27:30,"XHIBIT","XHIBIT",1,400
335,"Video being played - please enter quietly.",34,01-APR-09 15:27:30,01-APR-09 15:27:30,"XHIBIT","XHIBIT",1,500
336,"If you wish to enter, please do so quietly.",34,01-APR-09 15:27:30,01-APR-09 15:27:30,"XHIBIT","XHIBIT",1,600
337,"Reporting restrictions lifted.",34,01-APR-09 15:27:30,01-APR-09 15:27:30,"XHIBIT","XHIBIT",1,700
338,"Please switch off mobile phones.",34,01-APR-09 15:27:30,01-APR-09 15:27:30,"XHIBIT","XHIBIT",1,800
339,"Food and drink must not be consumed in the courtrooms.",34,01-APR-09 15:27:30,01-APR-09 15:27:30,"XHIBIT","XHIBIT",1,900
340,"Bench warrant in progress.",34,01-APR-09 15:27:30,01-APR-09 15:27:30,"XHIBIT","XHIBIT",1,1000
411,"Reporting restrictions. For details please see Court Manager.",42,01-APR-09 15:27:30,01-APR-09 15:27:30,"XHIBIT","XHIBIT",1,100
412,"In chambers, no entry.",42,01-APR-09 15:27:30,01-APR-09 15:27:30,"XHIBIT","XHIBIT",1,200
413,"Members of the public are requested not to enter.",42,01-APR-09 15:27:30,01-APR-09 15:27:30,"XHIBIT","XHIBIT",1,300
414,"TV link in progress - please enter quietly.",42,01-APR-09 15:27:30,01-APR-09 15:27:30,"XHIBIT","XHIBIT",1,400
415,"Video being played - please enter quietly.",42,01-APR-09 15:27:30,01-APR-09 15:27:30,"XHIBIT","XHIBIT",1,500
416,"If you wish to enter, please do so quietly.",42,01-APR-09 15:27:30,01-APR-09 15:27:30,"XHIBIT","XHIBIT",1,600
417,"Reporting restrictions lifted.",42,01-APR-09 15:27:30,01-APR-09 15:27:30,"XHIBIT","XHIBIT",1,700
418,"Please switch off mobile phones.",42,01-APR-09 15:27:30,01-APR-09 15:27:30,"XHIBIT","XHIBIT",1,800
419,"Food and drink must not be consumed in the courtrooms.",42,01-APR-09 15:27:30,01-APR-09 15:27:30,"XHIBIT","XHIBIT",1,900
420,"Bench warrant in progress.",42,01-APR-09 15:27:30,01-APR-09 15:27:30,"XHIBIT","XHIBIT",1,1000
341,"Reporting restrictions. For details please see Court Manager.",35,01-APR-09 15:27:30,01-APR-09 15:27:30,"XHIBIT","XHIBIT",1,100
342,"In chambers, no entry.",35,01-APR-09 15:27:30,01-APR-09 15:27:30,"XHIBIT","XHIBIT",1,200
343,"Members of the public are requested not to enter.",35,01-APR-09 15:27:30,01-APR-09 15:27:30,"XHIBIT","XHIBIT",1,300
344,"TV link in progress - please enter quietly.",35,01-APR-09 15:27:30,01-APR-09 15:27:30,"XHIBIT","XHIBIT",1,400
345,"Video being played - please enter quietly.",35,01-APR-09 15:27:30,01-APR-09 15:27:30,"XHIBIT","XHIBIT",1,500
346,"If you wish to enter, please do so quietly.",35,01-APR-09 15:27:30,01-APR-09 15:27:30,"XHIBIT","XHIBIT",1,600
347,"Reporting restrictions lifted.",35,01-APR-09 15:27:30,01-APR-09 15:27:30,"XHIBIT","XHIBIT",1,700
348,"Please switch off mobile phones.",35,01-APR-09 15:27:30,01-APR-09 15:27:30,"XHIBIT","XHIBIT",1,800
349,"Food and drink must not be consumed in the courtrooms.",35,01-APR-09 15:27:30,01-APR-09 15:27:30,"XHIBIT","XHIBIT",1,900
350,"Bench warrant in progress.",35,01-APR-09 15:27:30,01-APR-09 15:27:30,"XHIBIT","XHIBIT",1,1000
471,"Reporting restrictions. For details please see Court Manager.",48,01-APR-09 15:27:30,01-APR-09 15:27:30,"XHIBIT","XHIBIT",1,100
472,"In chambers, no entry.",48,01-APR-09 15:27:30,01-APR-09 15:27:30,"XHIBIT","XHIBIT",1,200
473,"Members of the public are requested not to enter.",48,01-APR-09 15:27:30,01-APR-09 15:27:30,"XHIBIT","XHIBIT",1,300
474,"TV link in progress - please enter quietly.",48,01-APR-09 15:27:30,01-APR-09 15:27:30,"XHIBIT","XHIBIT",1,400
475,"Video being played - please enter quietly.",48,01-APR-09 15:27:30,01-APR-09 15:27:30,"XHIBIT","XHIBIT",1,500
476,"If you wish to enter, please do so quietly.",48,01-APR-09 15:27:30,01-APR-09 15:27:30,"XHIBIT","XHIBIT",1,600
477,"Reporting restrictions lifted.",48,01-APR-09 15:27:30,01-APR-09 15:27:30,"XHIBIT","XHIBIT",1,700
478,"Please switch off mobile phones.",48,01-APR-09 15:27:30,01-APR-09 15:27:30,"XHIBIT","XHIBIT",1,800
479,"Food and drink must not be consumed in the courtrooms.",48,01-APR-09 15:27:30,01-APR-09 15:27:30,"XHIBIT","XHIBIT",1,900
480,"Bench warrant in progress.",48,01-APR-09 15:27:30,01-APR-09 15:27:30,"XHIBIT","XHIBIT",1,1000
751,"Reporting restrictions. For details please see Court Manager.",76,01-APR-09 15:27:30,01-APR-09 15:27:30,"XHIBIT","XHIBIT",1,100
752,"In chambers, no entry.",76,01-APR-09 15:27:30,01-APR-09 15:27:30,"XHIBIT","XHIBIT",1,200
753,"Members of the public are requested not to enter.",76,01-APR-09 15:27:30,01-APR-09 15:27:30,"XHIBIT","XHIBIT",1,300
754,"TV link in progress - please enter quietly.",76,01-APR-09 15:27:30,01-APR-09 15:27:30,"XHIBIT","XHIBIT",1,400
755,"Video being played - please enter quietly.",76,01-APR-09 15:27:30,01-APR-09 15:27:30,"XHIBIT","XHIBIT",1,500
756,"If you wish to enter, please do so quietly.",76,01-APR-09 15:27:30,01-APR-09 15:27:30,"XHIBIT","XHIBIT",1,600
757,"Reporting restrictions lifted.",76,01-APR-09 15:27:30,01-APR-09 15:27:30,"XHIBIT","XHIBIT",1,700
758,"Please switch off mobile phones.",76,01-APR-09 15:27:30,01-APR-09 15:27:30,"XHIBIT","XHIBIT",1,800
759,"Food and drink must not be consumed in the courtrooms.",76,01-APR-09 15:27:30,01-APR-09 15:27:30,"XHIBIT","XHIBIT",1,900
760,"Bench warrant in progress.",76,01-APR-09 15:27:30,01-APR-09 15:27:30,"XHIBIT","XHIBIT",1,1000
551,"Reporting restrictions. For details please see Court Manager.",56,01-APR-09 15:27:30,01-APR-09 15:27:30,"XHIBIT","XHIBIT",1,100
552,"In chambers, no entry.",56,01-APR-09 15:27:30,01-APR-09 15:27:30,"XHIBIT","XHIBIT",1,200
553,"Members of the public are requested not to enter.",56,01-APR-09 15:27:30,01-APR-09 15:27:30,"XHIBIT","XHIBIT",1,300
554,"TV link in progress - please enter quietly.",56,01-APR-09 15:27:30,01-APR-09 15:27:30,"XHIBIT","XHIBIT",1,400
555,"Video being played - please enter quietly.",56,01-APR-09 15:27:30,01-APR-09 15:27:30,"XHIBIT","XHIBIT",1,500
556,"If you wish to enter, please do so quietly.",56,01-APR-09 15:27:30,01-APR-09 15:27:30,"XHIBIT","XHIBIT",1,600
557,"Reporting restrictions lifted.",56,01-APR-09 15:27:30,01-APR-09 15:27:30,"XHIBIT","XHIBIT",1,700
558,"Please switch off mobile phones.",56,01-APR-09 15:27:30,01-APR-09 15:27:30,"XHIBIT","XHIBIT",1,800
400,"Bench warrant in progress.",40,01-APR-09 15:27:30,01-APR-09 15:27:30,"XHIBIT","XHIBIT",1,1000
171,"Reporting restrictions. For details please see Court Manager.",18,01-APR-09 15:27:30,01-APR-09 15:27:30,"XHIBIT","XHIBIT",1,100
172,"In chambers, no entry.",18,01-APR-09 15:27:30,01-APR-09 15:27:30,"XHIBIT","XHIBIT",1,200
173,"Members of the public are requested not to enter.",18,01-APR-09 15:27:30,01-APR-09 15:27:30,"XHIBIT","XHIBIT",1,300
174,"TV link in progress - please enter quietly.",18,01-APR-09 15:27:30,01-APR-09 15:27:30,"XHIBIT","XHIBIT",1,400
175,"Video being played - please enter quietly.",18,01-APR-09 15:27:30,01-APR-09 15:27:30,"XHIBIT","XHIBIT",1,500
176,"If you wish to enter, please do so quietly.",18,01-APR-09 15:27:30,01-APR-09 15:27:30,"XHIBIT","XHIBIT",1,600
177,"Reporting restrictions lifted.",18,01-APR-09 15:27:30,01-APR-09 15:27:30,"XHIBIT","XHIBIT",1,700
178,"Please switch off mobile phones.",18,01-APR-09 15:27:30,01-APR-09 15:27:30,"XHIBIT","XHIBIT",1,800
179,"Food and drink must not be consumed in the courtrooms.",18,01-APR-09 15:27:30,01-APR-09 15:27:30,"XHIBIT","XHIBIT",1,900
180,"Bench warrant in progress.",18,01-APR-09 15:27:30,01-APR-09 15:27:30,"XHIBIT","XHIBIT",1,1000
691,"Reporting restrictions. For details please see Court Manager.",70,01-APR-09 15:27:30,01-APR-09 15:27:30,"XHIBIT","XHIBIT",1,100
692,"In chambers, no entry.",70,01-APR-09 15:27:30,01-APR-09 15:27:30,"XHIBIT","XHIBIT",1,200
693,"Members of the public are requested not to enter.",70,01-APR-09 15:27:30,01-APR-09 15:27:30,"XHIBIT","XHIBIT",1,300
694,"TV link in progress - please enter quietly.",70,01-APR-09 15:27:30,01-APR-09 15:27:30,"XHIBIT","XHIBIT",1,400
695,"Video being played - please enter quietly.",70,01-APR-09 15:27:30,01-APR-09 15:27:30,"XHIBIT","XHIBIT",1,500
696,"If you wish to enter, please do so quietly.",70,01-APR-09 15:27:30,01-APR-09 15:27:30,"XHIBIT","XHIBIT",1,600
697,"Reporting restrictions lifted.",70,01-APR-09 15:27:30,01-APR-09 15:27:30,"XHIBIT","XHIBIT",1,700
698,"Please switch off mobile phones.",70,01-APR-09 15:27:30,01-APR-09 15:27:30,"XHIBIT","XHIBIT",1,800
699,"Food and drink must not be consumed in the courtrooms.",70,01-APR-09 15:27:30,01-APR-09 15:27:30,"XHIBIT","XHIBIT",1,900
700,"Bench warrant in progress.",70,01-APR-09 15:27:30,01-APR-09 15:27:30,"XHIBIT","XHIBIT",1,1000
351,"Reporting restrictions. For details please see Court Manager.",36,01-APR-09 15:27:30,01-APR-09 15:27:30,"XHIBIT","XHIBIT",1,100
352,"In chambers, no entry.",36,01-APR-09 15:27:30,01-APR-09 15:27:30,"XHIBIT","XHIBIT",1,200
353,"Members of the public are requested not to enter.",36,01-APR-09 15:27:30,01-APR-09 15:27:30,"XHIBIT","XHIBIT",1,300
354,"TV link in progress - please enter quietly.",36,01-APR-09 15:27:30,01-APR-09 15:27:30,"XHIBIT","XHIBIT",1,400
355,"Video being played - please enter quietly.",36,01-APR-09 15:27:30,01-APR-09 15:27:30,"XHIBIT","XHIBIT",1,500
356,"If you wish to enter, please do so quietly.",36,01-APR-09 15:27:30,01-APR-09 15:27:30,"XHIBIT","XHIBIT",1,600
357,"Reporting restrictions lifted.",36,01-APR-09 15:27:30,01-APR-09 15:27:30,"XHIBIT","XHIBIT",1,700
358,"Please switch off mobile phones.",36,01-APR-09 15:27:30,01-APR-09 15:27:30,"XHIBIT","XHIBIT",1,800
359,"Food and drink must not be consumed in the courtrooms.",36,01-APR-09 15:27:30,01-APR-09 15:27:30,"XHIBIT","XHIBIT",1,900
360,"Bench warrant in progress.",36,01-APR-09 15:27:30,01-APR-09 15:27:30,"XHIBIT","XHIBIT",1,1000
651,"Reporting restrictions. For details please see Court Manager.",66,01-APR-09 15:27:30,01-APR-09 15:27:30,"XHIBIT","XHIBIT",1,100
652,"In chambers, no entry.",66,01-APR-09 15:27:30,01-APR-09 15:27:30,"XHIBIT","XHIBIT",1,200
653,"Members of the public are requested not to enter.",66,01-APR-09 15:27:30,01-APR-09 15:27:30,"XHIBIT","XHIBIT",1,300
654,"TV link in progress - please enter quietly.",66,01-APR-09 15:27:30,01-APR-09 15:27:30,"XHIBIT","XHIBIT",1,400
655,"Video being played - please enter quietly.",66,01-APR-09 15:27:30,01-APR-09 15:27:30,"XHIBIT","XHIBIT",1,500
656,"If you wish to enter, please do so quietly.",66,01-APR-09 15:27:30,01-APR-09 15:27:30,"XHIBIT","XHIBIT",1,600
657,"Reporting restrictions lifted.",66,01-APR-09 15:27:30,01-APR-09 15:27:30,"XHIBIT","XHIBIT",1,700
658,"Please switch off mobile phones.",66,01-APR-09 15:27:30,01-APR-09 15:27:30,"XHIBIT","XHIBIT",1,800
659,"Food and drink must not be consumed in the courtrooms.",66,01-APR-09 15:27:30,01-APR-09 15:27:30,"XHIBIT","XHIBIT",1,900
660,"Bench warrant in progress.",66,01-APR-09 15:27:30,01-APR-09 15:27:30,"XHIBIT","XHIBIT",1,1000
145,"Video being played - please enter quietly.",15,01-APR-09 15:27:30,01-APR-09 15:27:30,"XHIBIT","XHIBIT",1,500
146,"If you wish to enter, please do so quietly.",15,01-APR-09 15:27:30,01-APR-09 15:27:30,"XHIBIT","XHIBIT",1,600
147,"Reporting restrictions lifted.",15,01-APR-09 15:27:30,01-APR-09 15:27:30,"XHIBIT","XHIBIT",1,700
148,"Please switch off mobile phones.",15,01-APR-09 15:27:30,01-APR-09 15:27:30,"XHIBIT","XHIBIT",1,800
149,"Food and drink must not be consumed in the courtrooms.",15,01-APR-09 15:27:30,01-APR-09 15:27:30,"XHIBIT","XHIBIT",1,900
150,"Bench warrant in progress.",15,01-APR-09 15:27:30,01-APR-09 15:27:30,"XHIBIT","XHIBIT",1,1000
201,"Reporting restrictions. For details please see Court Manager.",21,01-APR-09 15:27:30,01-APR-09 15:27:30,"XHIBIT","XHIBIT",1,100
202,"In chambers, no entry.",21,01-APR-09 15:27:30,01-APR-09 15:27:30,"XHIBIT","XHIBIT",1,200
203,"Members of the public are requested not to enter.",21,01-APR-09 15:27:30,01-APR-09 15:27:30,"XHIBIT","XHIBIT",1,300
204,"TV link in progress - please enter quietly.",21,01-APR-09 15:27:30,01-APR-09 15:27:30,"XHIBIT","XHIBIT",1,400
205,"Video being played - please enter quietly.",21,01-APR-09 15:27:30,01-APR-09 15:27:30,"XHIBIT","XHIBIT",1,500
206,"If you wish to enter, please do so quietly.",21,01-APR-09 15:27:30,01-APR-09 15:27:30,"XHIBIT","XHIBIT",1,600
207,"Reporting restrictions lifted.",21,01-APR-09 15:27:30,01-APR-09 15:27:30,"XHIBIT","XHIBIT",1,700
208,"Please switch off mobile phones.",21,01-APR-09 15:27:30,01-APR-09 15:27:30,"XHIBIT","XHIBIT",1,800
209,"Food and drink must not be consumed in the courtrooms.",21,01-APR-09 15:27:30,01-APR-09 15:27:30,"XHIBIT","XHIBIT",1,900
210,"Bench warrant in progress.",21,01-APR-09 15:27:30,01-APR-09 15:27:30,"XHIBIT","XHIBIT",1,1000
401,"Reporting restrictions. For details please see Court Manager.",41,01-APR-09 15:27:30,01-APR-09 15:27:30,"XHIBIT","XHIBIT",1,100
402,"In chambers, no entry.",41,01-APR-09 15:27:30,01-APR-09 15:27:30,"XHIBIT","XHIBIT",1,200
403,"Members of the public are requested not to enter.",41,01-APR-09 15:27:30,01-APR-09 15:27:30,"XHIBIT","XHIBIT",1,300
404,"TV link in progress - please enter quietly.",41,01-APR-09 15:27:30,01-APR-09 15:27:30,"XHIBIT","XHIBIT",1,400
126,"If you wish to enter, please do so quietly.",13,01-APR-09 15:27:30,01-APR-09 15:27:30,"XHIBIT","XHIBIT",1,600
127,"Reporting restrictions lifted.",13,01-APR-09 15:27:30,01-APR-09 15:27:30,"XHIBIT","XHIBIT",1,700
128,"Please switch off mobile phones.",13,01-APR-09 15:27:30,01-APR-09 15:27:30,"XHIBIT","XHIBIT",1,800
129,"Food and drink must not be consumed in the courtrooms.",13,01-APR-09 15:27:30,01-APR-09 15:27:30,"XHIBIT","XHIBIT",1,900
130,"Bench warrant in progress.",13,01-APR-09 15:27:30,01-APR-09 15:27:30,"XHIBIT","XHIBIT",1,1000
701,"Reporting restrictions. For details please see Court Manager.",71,01-APR-09 15:27:30,01-APR-09 15:27:30,"XHIBIT","XHIBIT",1,100
702,"In chambers, no entry.",71,01-APR-09 15:27:30,01-APR-09 15:27:30,"XHIBIT","XHIBIT",1,200
703,"Members of the public are requested not to enter.",71,01-APR-09 15:27:30,01-APR-09 15:27:30,"XHIBIT","XHIBIT",1,300
704,"TV link in progress - please enter quietly.",71,01-APR-09 15:27:30,01-APR-09 15:27:30,"XHIBIT","XHIBIT",1,400
705,"Video being played - please enter quietly.",71,01-APR-09 15:27:30,01-APR-09 15:27:30,"XHIBIT","XHIBIT",1,500
706,"If you wish to enter, please do so quietly.",71,01-APR-09 15:27:30,01-APR-09 15:27:30,"XHIBIT","XHIBIT",1,600
707,"Reporting restrictions lifted.",71,01-APR-09 15:27:30,01-APR-09 15:27:30,"XHIBIT","XHIBIT",1,700
708,"Please switch off mobile phones.",71,01-APR-09 15:27:30,01-APR-09 15:27:30,"XHIBIT","XHIBIT",1,800
709,"Food and drink must not be consumed in the courtrooms.",71,01-APR-09 15:27:30,01-APR-09 15:27:30,"XHIBIT","XHIBIT",1,900
710,"Bench warrant in progress.",71,01-APR-09 15:27:30,01-APR-09 15:27:30,"XHIBIT","XHIBIT",1,1000
741,"Reporting restrictions. For details please see Court Manager.",75,01-APR-09 15:27:30,01-APR-09 15:27:30,"XHIBIT","XHIBIT",1,100
742,"In chambers, no entry.",75,01-APR-09 15:27:30,01-APR-09 15:27:30,"XHIBIT","XHIBIT",1,200
743,"Members of the public are requested not to enter.",75,01-APR-09 15:27:30,01-APR-09 15:27:30,"XHIBIT","XHIBIT",1,300
744,"TV link in progress - please enter quietly.",75,01-APR-09 15:27:30,01-APR-09 15:27:30,"XHIBIT","XHIBIT",1,400
745,"Video being played - please enter quietly.",75,01-APR-09 15:27:30,01-APR-09 15:27:30,"XHIBIT","XHIBIT",1,500
746,"If you wish to enter, please do so quietly.",75,01-APR-09 15:27:30,01-APR-09 15:27:30,"XHIBIT","XHIBIT",1,600
747,"Reporting restrictions lifted.",75,01-APR-09 15:27:30,01-APR-09 15:27:30,"XHIBIT","XHIBIT",1,700
748,"Please switch off mobile phones.",75,01-APR-09 15:27:30,01-APR-09 15:27:30,"XHIBIT","XHIBIT",1,800
749,"Food and drink must not be consumed in the courtrooms.",75,01-APR-09 15:27:30,01-APR-09 15:27:30,"XHIBIT","XHIBIT",1,900
750,"Bench warrant in progress.",75,01-APR-09 15:27:30,01-APR-09 15:27:30,"XHIBIT","XHIBIT",1,1000
681,"Reporting restrictions. For details please see Court Manager.",69,01-APR-09 15:27:30,01-APR-09 15:27:30,"XHIBIT","XHIBIT",1,100
682,"In chambers, no entry.",69,01-APR-09 15:27:30,01-APR-09 15:27:30,"XHIBIT","XHIBIT",1,200
683,"Members of the public are requested not to enter.",69,01-APR-09 15:27:30,01-APR-09 15:27:30,"XHIBIT","XHIBIT",1,300
684,"TV link in progress - please enter quietly.",69,01-APR-09 15:27:30,01-APR-09 15:27:30,"XHIBIT","XHIBIT",1,400
685,"Video being played - please enter quietly.",69,01-APR-09 15:27:30,01-APR-09 15:27:30,"XHIBIT","XHIBIT",1,500
686,"If you wish to enter, please do so quietly.",69,01-APR-09 15:27:30,01-APR-09 15:27:30,"XHIBIT","XHIBIT",1,600
687,"Reporting restrictions lifted.",69,01-APR-09 15:27:30,01-APR-09 15:27:30,"XHIBIT","XHIBIT",1,700
688,"Please switch off mobile phones.",69,01-APR-09 15:27:30,01-APR-09 15:27:30,"XHIBIT","XHIBIT",1,800
689,"Food and drink must not be consumed in the courtrooms.",69,01-APR-09 15:27:30,01-APR-09 15:27:30,"XHIBIT","XHIBIT",1,900
690,"Bench warrant in progress.",69,01-APR-09 15:27:30,01-APR-09 15:27:30,"XHIBIT","XHIBIT",1,1000
51,"Reporting restrictions. For details please see Court Manager.",6,01-APR-09 15:27:30,01-APR-09 15:27:30,"XHIBIT","XHIBIT",1,100
52,"In chambers, no entry.",6,01-APR-09 15:27:30,01-APR-09 15:27:30,"XHIBIT","XHIBIT",1,200
53,"Members of the public are requested not to enter.",6,01-APR-09 15:27:30,01-APR-09 15:27:30,"XHIBIT","XHIBIT",1,300
54,"TV link in progress - please enter quietly.",6,01-APR-09 15:27:30,01-APR-09 15:27:30,"XHIBIT","XHIBIT",1,400
55,"Video being played - please enter quietly.",6,01-APR-09 15:27:30,01-APR-09 15:27:30,"XHIBIT","XHIBIT",1,500
56,"If you wish to enter, please do so quietly.",6,01-APR-09 15:27:30,01-APR-09 15:27:30,"XHIBIT","XHIBIT",1,600
57,"Reporting restrictions lifted.",6,01-APR-09 15:27:30,01-APR-09 15:27:30,"XHIBIT","XHIBIT",1,700
58,"Please switch off mobile phones.",6,01-APR-09 15:27:30,01-APR-09 15:27:30,"XHIBIT","XHIBIT",1,800
59,"Food and drink must not be consumed in the courtrooms.",6,01-APR-09 15:27:30,01-APR-09 15:27:30,"XHIBIT","XHIBIT",1,900
60,"Bench warrant in progress.",6,01-APR-09 15:27:30,01-APR-09 15:27:30,"XHIBIT","XHIBIT",1,1000
251,"Reporting restrictions. For details please see Court Manager.",26,01-APR-09 15:27:30,01-APR-09 15:27:30,"XHIBIT","XHIBIT",1,100
252,"In chambers, no entry.",26,01-APR-09 15:27:30,01-APR-09 15:27:30,"XHIBIT","XHIBIT",1,200
253,"Members of the public are requested not to enter.",26,01-APR-09 15:27:30,01-APR-09 15:27:30,"XHIBIT","XHIBIT",1,300
254,"TV link in progress - please enter quietly.",26,01-APR-09 15:27:30,01-APR-09 15:27:30,"XHIBIT","XHIBIT",1,400
255,"Video being played - please enter quietly.",26,01-APR-09 15:27:30,01-APR-09 15:27:30,"XHIBIT","XHIBIT",1,500
256,"If you wish to enter, please do so quietly.",26,01-APR-09 15:27:30,01-APR-09 15:27:30,"XHIBIT","XHIBIT",1,600
257,"Reporting restrictions lifted.",26,01-APR-09 15:27:30,01-APR-09 15:27:30,"XHIBIT","XHIBIT",1,700
258,"Please switch off mobile phones.",26,01-APR-09 15:27:30,01-APR-09 15:27:30,"XHIBIT","XHIBIT",1,800
259,"Food and drink must not be consumed in the courtrooms.",26,01-APR-09 15:27:30,01-APR-09 15:27:30,"XHIBIT","XHIBIT",1,900
260,"Bench warrant in progress.",26,01-APR-09 15:27:30,01-APR-09 15:27:30,"XHIBIT","XHIBIT",1,1000
261,"Reporting restrictions. For details please see Court Manager.",27,01-APR-09 15:27:30,01-APR-09 15:27:30,"XHIBIT","XHIBIT",1,100
262,"In chambers, no entry.",27,01-APR-09 15:27:30,01-APR-09 15:27:30,"XHIBIT","XHIBIT",1,200
263,"Members of the public are requested not to enter.",27,01-APR-09 15:27:30,01-APR-09 15:27:30,"XHIBIT","XHIBIT",1,300
264,"TV link in progress - please enter quietly.",27,01-APR-09 15:27:30,01-APR-09 15:27:30,"XHIBIT","XHIBIT",1,400
265,"Video being played - please enter quietly.",27,01-APR-09 15:27:30,01-APR-09 15:27:30,"XHIBIT","XHIBIT",1,500
266,"If you wish to enter, please do so quietly.",27,01-APR-09 15:27:30,01-APR-09 15:27:30,"XHIBIT","XHIBIT",1,600
267,"Reporting restrictions lifted.",27,01-APR-09 15:27:30,01-APR-09 15:27:30,"XHIBIT","XHIBIT",1,700
268,"Please switch off mobile phones.",27,01-APR-09 15:27:30,01-APR-09 15:27:30,"XHIBIT","XHIBIT",1,800
269,"Food and drink must not be consumed in the courtrooms.",27,01-APR-09 15:27:30,01-APR-09 15:27:30,"XHIBIT","XHIBIT",1,900
270,"Bench warrant in progress.",27,01-APR-09 15:27:30,01-APR-09 15:27:30,"XHIBIT","XHIBIT",1,1000
721,"Reporting restrictions. For details please see Court Manager.",73,01-APR-09 15:27:30,01-APR-09 15:27:30,"XHIBIT","XHIBIT",1,100
722,"In chambers, no entry.",73,01-APR-09 15:27:30,01-APR-09 15:27:30,"XHIBIT","XHIBIT",1,200
723,"Members of the public are requested not to enter.",73,01-APR-09 15:27:30,01-APR-09 15:27:30,"XHIBIT","XHIBIT",1,300
724,"TV link in progress - please enter quietly.",73,01-APR-09 15:27:30,01-APR-09 15:27:30,"XHIBIT","XHIBIT",1,400
725,"Video being played - please enter quietly.",73,01-APR-09 15:27:30,01-APR-09 15:27:30,"XHIBIT","XHIBIT",1,500
726,"If you wish to enter, please do so quietly.",73,01-APR-09 15:27:30,01-APR-09 15:27:30,"XHIBIT","XHIBIT",1,600
727,"Reporting restrictions lifted.",73,01-APR-09 15:27:30,01-APR-09 15:27:30,"XHIBIT","XHIBIT",1,700
728,"Please switch off mobile phones.",73,01-APR-09 15:27:30,01-APR-09 15:27:30,"XHIBIT","XHIBIT",1,800
729,"Food and drink must not be consumed in the courtrooms.",73,01-APR-09 15:27:30,01-APR-09 15:27:30,"XHIBIT","XHIBIT",1,900
730,"Bench warrant in progress.",73,01-APR-09 15:27:30,01-APR-09 15:27:30,"XHIBIT","XHIBIT",1,1000
1,"Reporting restrictions. For details please see Court Manager.",1,01-APR-09 15:27:30,01-APR-09 15:27:30,"XHIBIT","XHIBIT",1,100
2,"In chambers, no entry.",1,01-APR-09 15:27:30,01-APR-09 15:27:30,"XHIBIT","XHIBIT",1,200
3,"Members of the public are requested not to enter.",1,01-APR-09 15:27:30,01-APR-09 15:27:30,"XHIBIT","XHIBIT",1,300
4,"TV link in progress - please enter quietly.",1,01-APR-09 15:27:30,01-APR-09 15:27:30,"XHIBIT","XHIBIT",1,400
5,"Video being played - please enter quietly.",1,01-APR-09 15:27:30,01-APR-09 15:27:30,"XHIBIT","XHIBIT",1,500
6,"If you wish to enter, please do so quietly.",1,01-APR-09 15:27:30,01-APR-09 15:27:30,"XHIBIT","XHIBIT",1,600
