"REF_COURT_REPORTER_FIRM_ID","OBS_IND","DISPLAY_FIRST","DX_REF","VAT_NO","FIRM_NAME","ADDRESS_ID","COURT_ID","LAST_UPDATED_BY","CREATED_BY","CREATION_DATE","LAST_UPDATE_DATE","VERSION","CREST_COURT_REPORTER_FIRM_ID"
1335,"N","N","DX 2768 BRIDGWATER","444111111","DIAZ LIMITED",541762,55,"Mercator","Mercator",18-APR-12 17:01:58,20-APR-12 09:27:37,10,16
1336,"Y","N","DX 203245 BELPER","555888444","JONES LIMITED",541763,55,"Mercator","Mercator",18-APR-12 17:01:58,20-APR-12 09:27:37,10,41
1337,"N","N","DX 24445 BEXHILL-ON-SEA","222777333","HART LIMITED",541764,55,"Mercator","Mercator",18-APR-12 17:01:58,20-APR-12 09:27:37,10,38
1338,"N","Y","DX 225106 BLACKBURN","111555888","LARSON LIMITED",541765,55,"Mercator","Mercator",18-APR-12 17:01:58,20-APR-12 09:27:37,10,15
1339,"N","N","DX 1650 BEXHILL-ON-SEA","777999555","HERNANDEZ LAW REPORTERS",541766,55,"Mercator","Mercator",18-APR-12 17:01:58,20-APR-12 09:27:37,10,43
1340,"Y","N","DX 1463 BLAYDON","222555999","WILLIAMSON REPORTERS",541767,55,"Mercator","Mercator",18-APR-12 17:01:58,20-APR-12 09:27:37,10,30
1341,"N","N","DX 127156 BELPER","444666444","GARZA LAW LIMITED",541768,55,"Mercator","Mercator",18-APR-12 17:01:58,20-APR-12 09:27:37,10,20
1342,"Y","N","DX 236238 BRAINTREE","111444555","BUTLER LAW REPORTERS",541769,55,"Mercator","Mercator",18-APR-12 17:01:58,20-APR-12 09:27:37,10,6
1343,"Y","N","DX 230241 BANBURY","666333222","BRYAN REPORTERS",541770,55,"Mercator","Mercator",18-APR-12 17:01:58,20-APR-12 09:27:37,10,2
1344,"Y","N","DX 77174 CAMBORNE","333777333","DEBRA and CO",541771,55,"Mercator","Mercator",18-APR-12 17:01:58,20-APR-12 09:27:37,10,10
1345,"N","N","DX 3081 CLEETHORPES","555666555","LORRAINE and CO",541772,55,"Mercator","Mercator",18-APR-12 17:01:58,20-APR-12 09:27:37,10,18
1346,"N","N","DX 7755 CLUN","111666444","JEREMY and CO",541773,55,"Mercator","Mercator",18-APR-12 17:01:58,20-APR-12 09:27:37,10,37
1347,"N","N","DX 20892 CHEADLE","555333777","DOUGLAS REPORTERS",541774,55,"Mercator","Mercator",18-APR-12 17:01:58,20-APR-12 09:27:37,10,36
1348,"Y","N","DX 21382 CHORLEYWOOD","666999444","JONES LIMITED",541775,55,"Mercator","Mercator",18-APR-12 17:01:58,20-APR-12 09:27:37,10,9
1349,"N","N","DX 2476 CHORLEYWOOD","777777222","DANA and CO",541776,55,"Mercator","Mercator",18-APR-12 17:01:58,20-APR-12 09:27:37,10,35
1350,"N","N","DX 77239 DALTON-IN-FURNESS","666777888","GRANT LIMITED",541777,55,"Mercator","Mercator",18-APR-12 17:01:58,20-APR-12 09:27:37,10,42
1351,"Y","N","DX 85185 DARWEN","444888999"," LIMITED",541778,55,"Mercator","Mercator",18-APR-12 17:01:58,20-APR-12 09:27:37,10,7
1352,"N","N","22222222222222222222222222222222222","","THE BIGGER COURT REPORTING FIRM LTD",546447,12,"Mercator","Mercator",19-APR-12 15:52:33,21-JUN-12 18:20:30,274,46
1353,"Y","N","DX 84223 APSLEY","555999555","ADAM and CO",546448,12,"Mercator","Mercator",19-APR-12 15:52:33,21-JUN-12 18:20:30,274,5
1354,"N","N","DX 130207 ALTRINCHAM","888999222","MATTHEWS LIMITED",546449,12,"Mercator","Mercator",19-APR-12 15:52:33,21-JUN-12 18:20:31,274,24
1355,"N","N","DX 153125 ARUNDEL","555888333","ALICIA and CO",546450,12,"Mercator","Mercator",19-APR-12 15:52:34,21-JUN-12 18:20:31,274,26
1356,"N","N","DX 216199 APSLEY","333111999","HARRISON LIMITED",546451,12,"Mercator","Mercator",19-APR-12 15:52:34,21-JUN-12 18:20:31,274,33
1357,"N","N","DX 28160 ANDOVER","111888222","FERNANDO and CO",546452,12,"Mercator","Mercator",19-APR-12 15:52:34,21-JUN-12 18:20:31,274,29
1358,"Y","N","DX 137124 ADWICKDX LE STREET","666999888","COREY and CO",546453,12,"Mercator","Mercator",19-APR-12 15:52:34,21-JUN-12 18:20:31,274,12
1359,"N","N","DX 168171 ASKERN","444222444","MORRIS LIMITED",546454,12,"Mercator","Mercator",19-APR-12 15:52:34,21-JUN-12 18:20:31,274,27
1360,"N","N","DX 23250 ATHERSTONE","999111888","GARZA LIMITED",546455,12,"Mercator","Mercator",19-APR-12 15:52:34,21-JUN-12 18:20:31,274,40
1361,"N","N","DX 5392 ABRIDGE","888333888","RICKY and CO",546456,12,"Mercator","Mercator",19-APR-12 15:52:34,21-JUN-12 18:20:31,274,34
1362,"N","N","DX 1468 ASHBURTON","333777999","BAILEY LIMITED",546457,12,"Mercator","Mercator",19-APR-12 15:52:34,21-JUN-12 18:20:31,274,17
1363,"N","N","","","HARROW LIMITED",546458,12,"Mercator","Mercator",19-APR-12 15:52:34,21-JUN-12 18:20:31,274,45
1364,"N","N","DX 88214 BOREHAMWOOD","777666111","CHAVEZ LIMITED",546459,12,"Mercator","Mercator",19-APR-12 15:52:34,21-JUN-12 18:20:31,274,25
1365,"Y","N","DX 7675 BANSTEAD","333222888","VASQUEZ LIMITED",546460,12,"Mercator","Mercator",19-APR-12 15:52:34,21-JUN-12 18:20:31,274,11
1366,"Y","N","DX 157241 BRADFORD","888777777","DIAZ REPORTERS",546461,12,"Mercator","Mercator",19-APR-12 15:52:34,21-JUN-12 18:20:31,274,13
1367,"Y","N","DX 32206 BANBURY","888888444","REYES LIMITED",546462,12,"Mercator","Mercator",19-APR-12 15:52:34,21-JUN-12 18:20:31,274,22
1368,"N","N","DX 2205 BROMBOROUGH","777888222","BENNETT LAW REPORTERS",546463,12,"Mercator","Mercator",19-APR-12 15:52:34,21-JUN-12 18:20:31,274,32
1369,"N","N","DX 40103 BOOTLE","333666222","DEAN LIMITED",546464,12,"Mercator","Mercator",19-APR-12 15:52:34,21-JUN-12 18:20:31,274,28
1370,"Y","N","DX 124175 BASINGSTOKE","222444555","ALEXANDER LIMITED",546465,12,"Mercator","Mercator",19-APR-12 15:52:34,21-JUN-12 18:20:31,274,4
1371,"N","N","DX 163236 BECCLES","555888666","LOUIS and CO",546466,12,"Mercator","Mercator",19-APR-12 15:52:34,21-JUN-12 18:20:31,274,19
1372,"Y","N","DX 15418 BLACKHEATH","777333777","ELLIS LIMITED",546467,12,"Mercator","Mercator",19-APR-12 15:52:34,21-JUN-12 18:20:31,274,14
1373,"Y","N","DX 12154 BATH","999555222","RICHARD and CO",546468,12,"Mercator","Mercator",19-APR-12 15:52:34,21-JUN-12 18:20:31,274,3
1374,"N","N","DX 18721 BRACKNELL","888111333","LOUIS and CO",546469,12,"Mercator","Mercator",19-APR-12 15:52:34,21-JUN-12 18:20:31,274,23
1375,"Y","N","DX 150162 BORDON","222888999","HARPER LAW REPORTERS",546470,12,"Mercator","Mercator",19-APR-12 15:52:34,21-JUN-12 18:20:31,274,1
1376,"Y","N","DX 24982 BRIGHTLINGSEA","333777111","EDWARDS LIMITED",546471,12,"Mercator","Mercator",19-APR-12 15:52:34,21-JUN-12 18:20:31,274,8
1377,"N","N","DX 57226 BELPER","999999444","FLOYD and CO",546472,12,"Mercator","Mercator",19-APR-12 15:52:34,21-JUN-12 18:20:31,274,39
1378,"Y","N","DX 58225 BATLEY","222666666","ADAMS LIMITED",546473,12,"Mercator","Mercator",19-APR-12 15:52:34,21-JUN-12 18:20:31,274,21
1379,"N","N","DX 115168 BORDON","777111111","JUAN and CO",546474,12,"Mercator","Mercator",19-APR-12 15:52:34,21-JUN-12 18:20:31,274,31
1380,"N","N","DX 2768 BRIDGWATER","444111111","DIAZ LIMITED",546475,12,"Mercator","Mercator",19-APR-12 15:52:34,21-JUN-12 18:20:32,274,16
1381,"Y","N","DX 203245 BELPER","555888444","JONES LIMITED",546476,12,"Mercator","Mercator",19-APR-12 15:52:34,21-JUN-12 18:20:32,274,41
1382,"N","N","DX 24445 BEXHILL-ON-SEA","222777333","HART LIMITED",546477,12,"Mercator","Mercator",19-APR-12 15:52:34,21-JUN-12 18:20:32,274,38
1383,"N","Y","DX 225106 BLACKBURN","111555888","LARSON LIMITED",546478,12,"Mercator","Mercator",19-APR-12 15:52:34,21-JUN-12 18:20:32,274,15
1384,"N","N","DX 1650 BEXHILL-ON-SEA","777999555","HERNANDEZ LAW REPORTERS",546479,12,"Mercator","Mercator",19-APR-12 15:52:35,21-JUN-12 18:20:32,274,43
1385,"Y","N","DX 1463 BLAYDON","222555999","WILLIAMSON REPORTERS",546480,12,"Mercator","Mercator",19-APR-12 15:52:35,21-JUN-12 18:20:32,274,30
1386,"N","N","DX 127156 BELPER","444666444","GARZA LAW LIMITED",546481,12,"Mercator","Mercator",19-APR-12 15:52:35,21-JUN-12 18:20:32,274,20
1387,"Y","N","DX 236238 BRAINTREE","111444555","BUTLER LAW REPORTERS",546482,12,"Mercator","Mercator",19-APR-12 15:52:35,21-JUN-12 18:20:32,274,6
1388,"Y","N","DX 230241 BANBURY","666333222","BRYAN REPORTERS",546483,12,"Mercator","Mercator",19-APR-12 15:52:35,21-JUN-12 18:20:32,274,2
1389,"Y","N","DX 77174 CAMBORNE","333777333","DEBRA and CO",546484,12,"Mercator","Mercator",19-APR-12 15:52:35,21-JUN-12 18:20:32,274,10
1390,"N","N","DX 3081 CLEETHORPES","555666555","LORRAINE and CO",546485,12,"Mercator","Mercator",19-APR-12 15:52:35,21-JUN-12 18:20:32,274,18
1391,"N","N","DX 7755 CLUN","111666444","JEREMY and CO",546486,12,"Mercator","Mercator",19-APR-12 15:52:35,21-JUN-12 18:20:32,274,37
1392,"N","N","DX 20892 CHEADLE","555333777","DOUGLAS REPORTERS",546487,12,"Mercator","Mercator",19-APR-12 15:52:35,21-JUN-12 18:20:32,274,36
1393,"Y","N","DX 21382 CHORLEYWOOD","666999444","JONES LIMITED",546488,12,"Mercator","Mercator",19-APR-12 15:52:35,21-JUN-12 18:20:32,274,9
1394,"N","N","DX 2476 CHORLEYWOOD","777777222","BARNET LENTON",546489,12,"Mercator","Mercator",19-APR-12 15:52:35,21-JUN-12 18:20:32,274,35
1395,"N","N","DX 77239 DALTON-IN-FURNESS","666777888","GRANT LIMITED",546490,12,"Mercator","Mercator",19-APR-12 15:52:35,21-JUN-12 18:20:32,274,42
1396,"Y","N","DX 85185 DARWEN","444888999"," LIMITED",546491,12,"Mercator","Mercator",19-APR-12 15:52:35,21-JUN-12 18:20:32,274,7
1397,"N","N","","","COURT REPORTING FIRM",546492,12,"Mercator","Mercator",19-APR-12 15:52:35,21-JUN-12 18:20:32,274,44
1398,"N","N","","","EDISOH",546493,12,"Mercator","Mercator",19-APR-12 15:52:35,21-JUN-12 18:20:32,274,47
1218,"Y","N","255345","","LOGICA REPORTER",530126,81,"Mercator","Mercator",12-MAY-09 15:31:29,27-MAR-15 10:32:21,291,46
1219,"Y","N","DX 84223 APSLEY","555999555","ADAM and CO",530130,81,"Mercator","Mercator",12-MAY-09 15:31:29,27-MAR-15 10:32:18,291,5
1220,"N","N","DX 130207 ALTRINCHAM","888999222","MATTHEWS LIMITED",530132,81,"Mercator","Mercator",12-MAY-09 15:31:29,27-MAR-15 10:32:19,291,24
1221,"N","N","DX 153125 ARUNDEL","555888333","ALICIA and CO",530133,81,"Mercator","Mercator",12-MAY-09 15:31:29,27-MAR-15 10:32:19,291,26
1222,"N","N","DX 216199 APSLEY","333111999","HARRISON LIMITED",530134,81,"Mercator","Mercator",12-MAY-09 15:31:29,27-MAR-15 10:32:19,291,33
1223,"N","N","DX 28160 ANDOVER","111888222","FERNANDO and CO",530137,81,"Mercator","Mercator",12-MAY-09 15:31:29,27-MAR-15 10:32:19,291,29
1224,"Y","N","DX 137124 ADWICKDX LE STREET","666999888","COREY and CO",530139,81,"Mercator","Mercator",12-MAY-09 15:31:29,27-MAR-15 10:32:19,291,12
1225,"N","N","DX 168171 ASKERN","444222444","MORRIS LIMITED",530141,81,"Mercator","Mercator",12-MAY-09 15:31:29,27-MAR-15 10:32:19,291,27
1226,"N","N","DX 23250 ATHERSTONE","999111888","GARZA LIMITED",530142,81,"Mercator","Mercator",12-MAY-09 15:31:29,27-MAR-15 10:32:19,291,40
1227,"N","N","DX 5392 ABRIDGE","888333888","RICKY and CO",530143,81,"Mercator","Mercator",12-MAY-09 15:31:29,27-MAR-15 10:32:19,291,34
1228,"N","N","DX 1468 ASHBURTON","333777999","BAILEY LIMITED",530145,81,"Mercator","Mercator",12-MAY-09 15:31:29,27-MAR-15 10:32:19,291,17
1229,"N","N","023892","","KHURRAM MEHMOOD ASSOCIATES",530147,81,"Mercator","Mercator",12-MAY-09 15:31:29,27-MAR-15 10:32:22,291,45
1230,"N","N","DX 88214 BOREHAMWOOD","777666111","CHAVEZ LIMITED",530149,81,"Mercator","Mercator",12-MAY-09 15:31:29,27-MAR-15 10:32:19,291,25
1231,"Y","N","DX 7675 BANSTEAD","333222888","VASQUEZ LIMITED",530151,81,"Mercator","Mercator",12-MAY-09 15:31:29,27-MAR-15 10:32:19,291,11
1232,"Y","N","DX 157241 BRADFORD","888777777","DIAZ REPORTERS",530153,81,"Mercator","Mercator",12-MAY-09 15:31:29,27-MAR-15 10:32:19,291,13
1233,"Y","N","DX 32206 BANBURY","888888444","REYES LIMITED",530156,81,"Mercator","Mercator",12-MAY-09 15:31:29,27-MAR-15 10:32:19,291,22
1234,"N","N","DX 2205 BROMBOROUGH","777888222","BENNETT LAW REPORTERS",530157,81,"Mercator","Mercator",12-MAY-09 15:31:29,27-MAR-15 10:32:19,291,32
1235,"N","N","DX 40103 BOOTLE","333666222","DEAN LIMITED",530158,81,"Mercator","Mercator",12-MAY-09 15:31:29,27-MAR-15 10:32:19,291,28
1236,"Y","N","DX 124175 BASINGSTOKE","222444555","ALEXANDER LIMITED",530159,81,"Mercator","Mercator",12-MAY-09 15:31:29,27-MAR-15 10:32:19,291,4
1237,"N","N","DX 163236 BECCLES","555888666","LOUIS and CO",530161,81,"Mercator","Mercator",12-MAY-09 15:31:29,27-MAR-15 10:32:20,291,19
1238,"Y","N","DX 15418 BLACKHEATH","777333777","ELLIS LIMITED",530163,81,"Mercator","Mercator",12-MAY-09 15:31:29,27-MAR-15 10:32:20,291,14
1239,"Y","N","DX 12154 BATH","999555222","RICHARD and CO",530164,81,"Mercator","Mercator",12-MAY-09 15:31:29,27-MAR-15 10:32:20,291,3
1240,"N","N","DX 18721 BRACKNELL","888111333","LOUIS and CO",530166,81,"Mercator","Mercator",12-MAY-09 15:31:29,27-MAR-15 10:32:20,291,23
1241,"Y","N","DX 150162 BORDON","222888999","HARPER LAW REPORTERS",530167,81,"Mercator","Mercator",12-MAY-09 15:31:29,27-MAR-15 10:32:20,291,1
1242,"Y","N","DX 24982 BRIGHTLINGSEA","333777111","EDWARDS LIMITED",530168,81,"Mercator","Mercator",12-MAY-09 15:31:30,27-MAR-15 10:32:20,291,8
1243,"N","N","DX 57226 BELPER","999999444","FLOYD and CO",530169,81,"Mercator","Mercator",12-MAY-09 15:31:30,27-MAR-15 10:32:20,291,39
1244,"Y","N","DX 58225 BATLEY","222666666","ADAMS LIMITED",530170,81,"Mercator","Mercator",12-MAY-09 15:31:30,27-MAR-15 10:32:20,291,21
1245,"N","N","DX 115168 BORDON","777111111","JUAN and CO",530172,81,"Mercator","Mercator",12-MAY-09 15:31:30,27-MAR-15 10:32:20,291,31
1246,"N","N","DX 2768 BRIDGWATER","444111111","DIAZ LIMITED",530174,81,"Mercator","Mercator",12-MAY-09 15:31:30,27-MAR-15 10:32:20,291,16
1247,"Y","N","DX 203245 BELPER","555888444","JONES LIMITED",530180,81,"Mercator","Mercator",12-MAY-09 15:31:30,27-MAR-15 10:32:20,291,41
1248,"N","N","DX 24445 BEXHILL-ON-SEA","222777333","HART LIMITED",530182,81,"Mercator","Mercator",12-MAY-09 15:31:30,27-MAR-15 10:32:20,291,38
1249,"N","Y","DX 225106 BLACKBURN","111555888","BARNET LENTON%",530183,81,"Mercator","Mercator",12-MAY-09 15:31:30,27-MAR-15 10:32:20,292,15
1250,"N","N","DX 1650 BEXHILL-ON-SEA","777999555","HERNANDEZ LAW REPORTERS",530184,81,"Mercator","Mercator",12-MAY-09 15:31:30,27-MAR-15 10:32:21,291,43
1251,"Y","N","DX 1463 BLAYDON","222555999","WILLIAMSON REPORTERS",530185,81,"Mercator","Mercator",12-MAY-09 15:31:30,27-MAR-15 10:32:21,291,30
1252,"N","N","DX 127156 BELPER","444666444","GARZA LAW LIMITED",530187,81,"Mercator","Mercator",12-MAY-09 15:31:30,27-MAR-15 10:32:21,291,20
1253,"Y","N","DX 236238 BRAINTREE","111444555","BUTLER LAW REPORTERS",530189,81,"Mercator","Mercator",12-MAY-09 15:31:30,27-MAR-15 10:32:21,291,6
1254,"Y","N","DX 230241 BANBURY","666333222","BRYAN REPORTERS",530190,81,"Mercator","Mercator",12-MAY-09 15:31:30,27-MAR-15 10:32:21,291,2
1255,"Y","N","DX 77174 CAMBORNE","333777333","DEBRA and CO",530192,81,"Mercator","Mercator",12-MAY-09 15:31:30,27-MAR-15 10:32:21,291,10
1256,"N","N","DX 3081 CLEETHORPES","555666555","LORRAINE and CO",530193,81,"Mercator","Mercator",12-MAY-09 15:31:30,27-MAR-15 10:32:21,291,18
1257,"N","N","DX 7755 CLUN","111666444","JEREMY and CO",530194,81,"Mercator","Mercator",12-MAY-09 15:31:30,27-MAR-15 10:32:21,291,37
1258,"N","N","DX 20892 CHEADLE","555333777","DOUGLAS REPORTERS",530196,81,"Mercator","Mercator",12-MAY-09 15:31:30,27-MAR-15 10:32:21,291,36
1259,"Y","N","DX 21382 CHORLEYWOOD","666999444","JONES LIMITED",530197,81,"Mercator","Mercator",12-MAY-09 15:31:30,27-MAR-15 10:32:21,291,9
1260,"N","N","DX 2476 CHORLEYWOOD","777777222","BARNET LENTON",530199,81,"Mercator","Mercator",12-MAY-09 15:31:30,27-MAR-15 10:32:22,291,35
1261,"N","N","DX 77239 DALTON-IN-FURNESS","666777888","GRANT LIMITED",530200,81,"Mercator","Mercator",12-MAY-09 15:31:30,27-MAR-15 10:32:22,291,42
1262,"Y","N","DX 85185 DARWEN","444888999"," LIMITED",530201,81,"Mercator","Mercator",12-MAY-09 15:31:30,27-MAR-15 10:32:22,291,7
1263,"N","N","","","COURT REPORTING FIRM",530202,81,"Mercator","Mercator",12-MAY-09 15:31:30,27-MAR-15 10:32:22,291,44
1264,"Y","N","","","EDISOH",530203,81,"Mercator","Mercator",12-MAY-09 15:31:30,27-MAR-15 10:27:55,259,47
1266,"Y","N","DX 84223 APSLEY","555999555","ADAM and CO",538411,80,"Mercator","Mercator",20-MAY-11 15:47:45,20-MAY-11 16:01:49,4,5
1267,"N","N","DX 130207 ALTRINCHAM","888999222","MATTHEWS LIMITED",538412,80,"Mercator","Mercator",20-MAY-11 15:47:46,20-MAY-11 16:01:49,4,24
1268,"N","N","DX 153125 ARUNDEL","555888333","ALICIA and CO",538413,80,"Mercator","Mercator",20-MAY-11 15:47:46,20-MAY-11 16:01:49,4,26
1269,"N","N","DX 216199 APSLEY","333111999","HARRISON LIMITED",538414,80,"Mercator","Mercator",20-MAY-11 15:47:46,20-MAY-11 16:01:49,4,33
1270,"N","N","DX 28160 ANDOVER","111888222","FERNANDO and CO",538415,80,"Mercator","Mercator",20-MAY-11 15:47:46,20-MAY-11 16:01:49,4,29
1271,"Y","N","DX 137124 ADWICKDX LE STREET","666999888","COREY and CO",538416,80,"Mercator","Mercator",20-MAY-11 15:47:46,20-MAY-11 16:01:49,4,12
1272,"N","N","DX 168171 ASKERN","444222444","MORRIS LIMITED",538417,80,"Mercator","Mercator",20-MAY-11 15:47:46,20-MAY-11 16:01:49,4,27
1273,"N","N","DX 23250 ATHERSTONE","999111888","GARZA LIMITED",538418,80,"Mercator","Mercator",20-MAY-11 15:47:46,20-MAY-11 16:01:49,4,40
1274,"N","N","DX 5392 ABRIDGE","888333888","RICKY and CO",538419,80,"Mercator","Mercator",20-MAY-11 15:47:46,20-MAY-11 16:01:49,4,34
1275,"N","N","DX 1468 ASHBURTON","333777999","BAILEY LIMITED",538420,80,"Mercator","Mercator",20-MAY-11 15:47:46,20-MAY-11 16:01:50,4,17
1276,"N","N","DX 88214 BOREHAMWOOD","777666111","CHAVEZ LIMITED",538421,80,"Mercator","Mercator",20-MAY-11 15:47:46,20-MAY-11 16:01:50,4,25
1277,"Y","N","DX 7675 BANSTEAD","333222888","VASQUEZ LIMITED",538422,80,"Mercator","Mercator",20-MAY-11 15:47:46,20-MAY-11 16:01:50,4,11
1278,"Y","N","DX 157241 BRADFORD","888777777","DIAZ REPORTERS",538423,80,"Mercator","Mercator",20-MAY-11 15:47:46,20-MAY-11 16:01:50,4,13
1279,"Y","N","DX 32206 BANBURY","888888444","REYES LIMITED",538424,80,"Mercator","Mercator",20-MAY-11 15:47:46,20-MAY-11 16:01:50,4,22
1280,"N","N","DX 2205 BROMBOROUGH","777888222","BENNETT LAW REPORTERS",538425,80,"Mercator","Mercator",20-MAY-11 15:47:46,20-MAY-11 16:01:50,4,32
1281,"N","N","DX 40103 BOOTLE","333666222","DEAN LIMITED",538426,80,"Mercator","Mercator",20-MAY-11 15:47:46,20-MAY-11 16:01:50,4,28
1282,"Y","N","DX 124175 BASINGSTOKE","222444555","ALEXANDER LIMITED",538427,80,"Mercator","Mercator",20-MAY-11 15:47:46,20-MAY-11 16:01:50,4,4
1283,"N","N","DX 163236 BECCLES","555888666","LOUIS and CO",538428,80,"Mercator","Mercator",20-MAY-11 15:47:46,20-MAY-11 16:01:50,4,19
1284,"Y","N","DX 15418 BLACKHEATH","777333777","ELLIS LIMITED",538429,80,"Mercator","Mercator",20-MAY-11 15:47:46,20-MAY-11 16:01:50,4,14
1285,"Y","N","DX 12154 BATH","999555222","RICHARD and CO",538430,80,"Mercator","Mercator",20-MAY-11 15:47:46,20-MAY-11 16:01:50,4,3
1286,"N","N","DX 18721 BRACKNELL","888111333","LOUIS and CO",538431,80,"Mercator","Mercator",20-MAY-11 15:47:46,20-MAY-11 16:01:50,4,23
1287,"Y","N","DX 150162 BORDON","222888999","HARPER LAW REPORTERS",538432,80,"Mercator","Mercator",20-MAY-11 15:47:46,20-MAY-11 16:01:50,4,1
1288,"Y","N","DX 24982 BRIGHTLINGSEA","333777111","EDWARDS LIMITED",538433,80,"Mercator","Mercator",20-MAY-11 15:47:46,20-MAY-11 16:01:50,4,8
1289,"N","N","DX 57226 BELPER","999999444","FLOYD and CO",538434,80,"Mercator","Mercator",20-MAY-11 15:47:47,20-MAY-11 16:01:51,4,39
1290,"Y","N","DX 58225 BATLEY","222666666","ADAMS LIMITED",538435,80,"Mercator","Mercator",20-MAY-11 15:47:47,20-MAY-11 16:01:51,4,21
1291,"N","N","DX 115168 BORDON","777111111","JUAN and CO",538436,80,"Mercator","Mercator",20-MAY-11 15:47:47,20-MAY-11 16:01:51,4,31
1292,"N","N","DX 2768 BRIDGWATER","444111111","DIAZ LIMITED",538437,80,"Mercator","Mercator",20-MAY-11 15:47:47,20-MAY-11 16:01:51,4,16
1293,"Y","N","DX 203245 BELPER","555888444","JONES LIMITED",538438,80,"Mercator","Mercator",20-MAY-11 15:47:47,20-MAY-11 16:01:51,4,41
1294,"N","N","DX 24445 BEXHILL-ON-SEA","222777333","HART LIMITED",538439,80,"Mercator","Mercator",20-MAY-11 15:47:47,20-MAY-11 16:01:51,4,38
1295,"N","Y","DX 225106 BLACKBURN","111555888","LARSON LIMITED",538440,80,"Mercator","Mercator",20-MAY-11 15:47:47,20-MAY-11 16:01:51,4,15
1296,"N","N","DX 1650 BEXHILL-ON-SEA","777999555","HERNANDEZ LAW REPORTERS",538441,80,"Mercator","Mercator",20-MAY-11 15:47:47,20-MAY-11 16:01:51,4,43
1297,"Y","N","DX 1463 BLAYDON","222555999","WILLIAMSON REPORTERS",538442,80,"Mercator","Mercator",20-MAY-11 15:47:47,20-MAY-11 16:01:51,4,30
1298,"N","N","DX 127156 BELPER","444666444","GARZA LAW LIMITED",538443,80,"Mercator","Mercator",20-MAY-11 15:47:47,20-MAY-11 16:01:51,4,20
1299,"Y","N","DX 236238 BRAINTREE","111444555","BUTLER LAW REPORTERS",538444,80,"Mercator","Mercator",20-MAY-11 15:47:47,20-MAY-11 16:01:51,4,6
1300,"Y","N","DX 230241 BANBURY","666333222","BRYAN REPORTERS",538445,80,"Mercator","Mercator",20-MAY-11 15:47:47,20-MAY-11 16:01:51,4,2
1301,"Y","N","DX 77174 CAMBORNE","333777333","DEBRA and CO",538446,80,"Mercator","Mercator",20-MAY-11 15:47:47,20-MAY-11 16:01:51,4,10
1302,"N","N","DX 3081 CLEETHORPES","555666555","LORRAINE and CO",538447,80,"Mercator","Mercator",20-MAY-11 15:47:47,20-MAY-11 16:01:51,4,18
1303,"N","N","DX 7755 CLUN","111666444","JEREMY and CO",538448,80,"Mercator","Mercator",20-MAY-11 15:47:47,20-MAY-11 16:01:51,4,37
1304,"N","N","DX 20892 CHEADLE","555333777","DOUGLAS REPORTERS",538449,80,"Mercator","Mercator",20-MAY-11 15:47:47,20-MAY-11 16:01:51,4,36
1305,"Y","N","DX 21382 CHORLEYWOOD","666999444","JONES LIMITED",538450,80,"Mercator","Mercator",20-MAY-11 15:47:47,20-MAY-11 16:01:51,4,9
1306,"N","N","DX 2476 CHORLEYWOOD","777777222","DANA and CO",538451,80,"Mercator","Mercator",20-MAY-11 15:47:47,20-MAY-11 16:01:51,4,35
1307,"N","N","DX 77239 DALTON-IN-FURNESS","666777888","GRANT LIMITED",538452,80,"Mercator","Mercator",20-MAY-11 15:47:47,20-MAY-11 16:01:51,4,42
1308,"Y","N","DX 85185 DARWEN","444888999"," LIMITED",538453,80,"Mercator","Mercator",20-MAY-11 15:47:47,20-MAY-11 16:01:52,4,7
1309,"Y","N","DX 84223 APSLEY","555999555","ADAM and CO",541735,55,"Mercator","Mercator",18-APR-12 17:01:57,20-APR-12 09:27:35,10,5
1310,"N","N","DX 130207 ALTRINCHAM","888999222","MATTHEWS LIMITED",541736,55,"Mercator","Mercator",18-APR-12 17:01:57,20-APR-12 09:27:35,10,24
1311,"N","N","DX 153125 ARUNDEL","555888333","ALICIA and CO",541737,55,"Mercator","Mercator",18-APR-12 17:01:57,20-APR-12 09:27:35,10,26
1312,"N","N","DX 216199 APSLEY","333111999","HARRISON LIMITED",541738,55,"Mercator","Mercator",18-APR-12 17:01:57,20-APR-12 09:27:35,10,33
1313,"N","N","DX 28160 ANDOVER","111888222","FERNANDO and CO",541739,55,"Mercator","Mercator",18-APR-12 17:01:57,20-APR-12 09:27:35,10,29
1314,"Y","N","DX 137124 ADWICKDX LE STREET","666999888","COREY and CO",541740,55,"Mercator","Mercator",18-APR-12 17:01:57,20-APR-12 09:27:36,10,12
1315,"N","N","DX 168171 ASKERN","444222444","MORRIS LIMITED",541741,55,"Mercator","Mercator",18-APR-12 17:01:57,20-APR-12 09:27:36,10,27
1316,"N","N","DX 23250 ATHERSTONE","999111888","GARZA LIMITED",541742,55,"Mercator","Mercator",18-APR-12 17:01:57,20-APR-12 09:27:36,10,40
1317,"N","N","DX 5392 ABRIDGE","888333888","RICKY and CO",541743,55,"Mercator","Mercator",18-APR-12 17:01:57,20-APR-12 09:27:36,10,34
1318,"N","N","DX 1468 ASHBURTON","333777999","BAILEY LIMITED",541744,55,"Mercator","Mercator",18-APR-12 17:01:57,20-APR-12 09:27:36,10,17
1319,"N","N","DX 88214 BOREHAMWOOD","777666111","CHAVEZ LIMITED",541745,55,"Mercator","Mercator",18-APR-12 17:01:57,20-APR-12 09:27:36,10,25
1320,"Y","N","DX 7675 BANSTEAD","333222888","VASQUEZ LIMITED",541746,55,"Mercator","Mercator",18-APR-12 17:01:57,20-APR-12 09:27:36,10,11
1321,"Y","N","DX 157241 BRADFORD","888777777","DIAZ REPORTERS",541747,55,"Mercator","Mercator",18-APR-12 17:01:57,20-APR-12 09:27:36,10,13
1322,"Y","N","DX 32206 BANBURY","888888444","REYES LIMITED",541748,55,"Mercator","Mercator",18-APR-12 17:01:57,20-APR-12 09:27:36,10,22
1323,"N","N","DX 2205 BROMBOROUGH","777888222","BENNETT LAW REPORTERS",541749,55,"Mercator","Mercator",18-APR-12 17:01:57,20-APR-12 09:27:36,10,32
1324,"N","N","DX 40103 BOOTLE","333666222","DEAN LIMITED",541750,55,"Mercator","Mercator",18-APR-12 17:01:57,20-APR-12 09:27:36,10,28
1325,"Y","N","DX 124175 BASINGSTOKE","222444555","ALEXANDER LIMITED",541751,55,"Mercator","Mercator",18-APR-12 17:01:57,20-APR-12 09:27:36,10,4
1326,"N","N","DX 163236 BECCLES","555888666","LOUIS and CO",541752,55,"Mercator","Mercator",18-APR-12 17:01:57,20-APR-12 09:27:36,10,19
1327,"Y","N","DX 15418 BLACKHEATH","777333777","ELLIS LIMITED",541753,55,"Mercator","Mercator",18-APR-12 17:01:58,20-APR-12 09:27:36,10,14
1328,"Y","N","DX 12154 BATH","999555222","RICHARD and CO",541754,55,"Mercator","Mercator",18-APR-12 17:01:58,20-APR-12 09:27:36,10,3
1329,"N","N","DX 18721 BRACKNELL","888111333","LOUIS and CO",541755,55,"Mercator","Mercator",18-APR-12 17:01:58,20-APR-12 09:27:36,10,23
1330,"Y","N","DX 150162 BORDON","222888999","HARPER LAW REPORTERS",541756,55,"Mercator","Mercator",18-APR-12 17:01:58,20-APR-12 09:27:36,10,1
1331,"Y","N","DX 24982 BRIGHTLINGSEA","333777111","EDWARDS LIMITED",541757,55,"Mercator","Mercator",18-APR-12 17:01:58,20-APR-12 09:27:36,10,8
1332,"N","N","DX 57226 BELPER","999999444","FLOYD and CO",541758,55,"Mercator","Mercator",18-APR-12 17:01:58,20-APR-12 09:27:36,10,39
1333,"Y","N","DX 58225 BATLEY","222666666","ADAMS LIMITED",541759,55,"Mercator","Mercator",18-APR-12 17:01:58,20-APR-12 09:27:36,10,21
1334,"N","N","DX 115168 BORDON","777111111","JUAN and CO",541761,55,"Mercator","Mercator",18-APR-12 17:01:58,20-APR-12 09:27:37,10,31
