"ROTATION_SET_ID","COURT_ID","DESCRIPTION","DEFAULT_YN","CREATED_BY","CREATION_DATE","LAST_UPDATED_BY","LAST_UPDATE_DATE","VERSION"
527,57,"Daily List","Y","XHIBIT",01-APR-09 15:25:56,"XHIBIT",01-APR-09 15:25:56,1
528,57,"All Lists","Y","XHIBIT",01-APR-09 15:25:56,"XHIBIT",01-APR-09 15:25:56,1
578,59,"Court Room (New - WV)","N","XHIBIT",01-APR-09 15:25:56,"XHIBIT",01-APR-09 15:25:56,1
96,11,"Public View","Y","XHIBIT",01-APR-09 15:25:56,"XHIBIT",01-APR-09 15:25:56,1
97,11,"Court Room","Y","XHIBIT",01-APR-09 15:25:56,"XHIBIT",01-APR-09 15:25:56,1
98,11,"Jury Room","Y","XHIBIT",01-APR-09 15:25:56,"XHIBIT",01-APR-09 15:25:56,1
99,11,"Summary By Name","Y","XHIBIT",01-APR-09 15:25:56,"XHIBIT",01-APR-09 15:25:56,1
100,11,"Status","Y","XHIBIT",01-APR-09 15:25:56,"XHIBIT",01-APR-09 15:25:56,1
101,11,"Daily List","Y","XHIBIT",01-APR-09 15:25:56,"XHIBIT",01-APR-09 15:25:56,1
102,11,"All Lists","Y","XHIBIT",01-APR-09 15:25:56,"XHIBIT",01-APR-09 15:25:56,1
133,15,"Public View","Y","XHIBIT",01-APR-09 15:25:56,"XHIBIT",01-APR-09 15:25:56,1
134,15,"Court Room","Y","XHIBIT",01-APR-09 15:25:56,"XHIBIT",01-APR-09 15:25:56,1
135,15,"Jury Room","Y","XHIBIT",01-APR-09 15:25:56,"XHIBIT",01-APR-09 15:25:56,1
136,15,"Summary By Name","Y","XHIBIT",01-APR-09 15:25:56,"XHIBIT",01-APR-09 15:25:56,1
137,15,"Status","Y","XHIBIT",01-APR-09 15:25:56,"XHIBIT",01-APR-09 15:25:56,1
138,15,"Daily List","Y","XHIBIT",01-APR-09 15:25:56,"XHIBIT",01-APR-09 15:25:56,1
139,15,"All Lists","Y","XHIBIT",01-APR-09 15:25:56,"XHIBIT",01-APR-09 15:25:56,1
199,21,"Public View","Y","XHIBIT",01-APR-09 15:25:56,"XHIBIT",01-APR-09 15:25:56,1
49,6,"Jury Room","Y","XHIBIT",01-APR-09 15:25:56,"XHIBIT",01-APR-09 15:25:56,1
50,6,"Summary By Name","Y","XHIBIT",01-APR-09 15:25:56,"XHIBIT",01-APR-09 15:25:56,1
51,6,"Status","Y","XHIBIT",01-APR-09 15:25:56,"XHIBIT",01-APR-09 15:25:56,1
52,6,"Daily List","Y","XHIBIT",01-APR-09 15:25:56,"XHIBIT",01-APR-09 15:25:56,1
53,6,"All Lists","Y","XHIBIT",01-APR-09 15:25:56,"XHIBIT",01-APR-09 15:25:56,1
246,26,"Public View","Y","XHIBIT",01-APR-09 15:25:56,"XHIBIT",01-APR-09 15:25:56,1
247,26,"Court Room","Y","XHIBIT",01-APR-09 15:25:56,"XHIBIT",01-APR-09 15:25:56,1
248,26,"Jury Room","Y","XHIBIT",01-APR-09 15:25:56,"XHIBIT",01-APR-09 15:25:56,1
249,26,"Summary By Name","Y","XHIBIT",01-APR-09 15:25:56,"XHIBIT",01-APR-09 15:25:56,1
250,26,"Status","Y","XHIBIT",01-APR-09 15:25:56,"XHIBIT",01-APR-09 15:25:56,1
251,26,"Daily List","Y","XHIBIT",01-APR-09 15:25:56,"XHIBIT",01-APR-09 15:25:56,1
252,26,"All Lists","Y","XHIBIT",01-APR-09 15:25:56,"XHIBIT",01-APR-09 15:25:56,1
254,27,"Public View","Y","XHIBIT",01-APR-09 15:25:56,"XHIBIT",01-APR-09 15:25:56,1
255,27,"Court Room","Y","XHIBIT",01-APR-09 15:25:56,"XHIBIT",01-APR-09 15:25:56,1
256,27,"Jury Room","Y","XHIBIT",01-APR-09 15:25:56,"XHIBIT",01-APR-09 15:25:56,1
257,27,"Summary By Name","Y","XHIBIT",01-APR-09 15:25:56,"XHIBIT",01-APR-09 15:25:56,1
258,27,"Status","Y","XHIBIT",01-APR-09 15:25:56,"XHIBIT",01-APR-09 15:25:56,1
259,27,"Daily List","Y","XHIBIT",01-APR-09 15:25:56,"XHIBIT",01-APR-09 15:25:56,1
260,27,"All Lists","Y","XHIBIT",01-APR-09 15:25:56,"XHIBIT",01-APR-09 15:25:56,1
491,46,"COURT ROOM QUICK","N","XHIBIT",01-APR-09 15:25:56,"XHIBIT",01-APR-09 15:25:56,1
685,73,"Public View","Y","XHIBIT",01-APR-09 15:25:56,"XHIBIT",01-APR-09 15:25:56,1
686,73,"Court Room","Y","XHIBIT",01-APR-09 15:25:56,"XHIBIT",01-APR-09 15:25:56,1
687,73,"Jury Room","Y","XHIBIT",01-APR-09 15:25:56,"XHIBIT",01-APR-09 15:25:56,1
688,73,"Summary By Name","Y","XHIBIT",01-APR-09 15:25:56,"XHIBIT",01-APR-09 15:25:56,1
689,73,"Status","Y","XHIBIT",01-APR-09 15:25:56,"XHIBIT",01-APR-09 15:25:56,1
690,73,"Daily List","Y","XHIBIT",01-APR-09 15:25:56,"XHIBIT",01-APR-09 15:25:56,1
691,73,"All Lists","Y","XHIBIT",01-APR-09 15:25:56,"XHIBIT",01-APR-09 15:25:56,1
722,55,"Status Cardiff","N","XHIBIT",01-APR-09 15:25:56,"XHIBIT",01-APR-09 15:25:56,1
211,22,"Public View","Y","XHIBIT",01-APR-09 15:25:56,"XHIBIT",01-APR-09 15:25:56,1
212,22,"Court Room","Y","XHIBIT",01-APR-09 15:25:56,"XHIBIT",01-APR-09 15:25:56,1
213,22,"Jury Room","Y","XHIBIT",01-APR-09 15:25:56,"XHIBIT",01-APR-09 15:25:56,1
214,22,"Summary By Name","Y","XHIBIT",01-APR-09 15:25:56,"XHIBIT",01-APR-09 15:25:56,1
215,22,"Status","Y","XHIBIT",01-APR-09 15:25:56,"XHIBIT",01-APR-09 15:25:56,1
216,22,"Daily List","Y","XHIBIT",01-APR-09 15:25:56,"XHIBIT",01-APR-09 15:25:56,1
217,22,"All Lists","Y","XHIBIT",01-APR-09 15:25:56,"XHIBIT",01-APR-09 15:25:56,1
272,29,"Public View","Y","XHIBIT",01-APR-09 15:25:56,"XHIBIT",01-APR-09 15:25:56,1
273,29,"Court Room","Y","XHIBIT",01-APR-09 15:25:56,"XHIBIT",01-APR-09 15:25:56,1
274,29,"Jury Room","Y","XHIBIT",01-APR-09 15:25:56,"XHIBIT",01-APR-09 15:25:56,1
275,29,"Summary By Name","Y","XHIBIT",01-APR-09 15:25:56,"XHIBIT",01-APR-09 15:25:56,1
276,29,"Status","Y","XHIBIT",01-APR-09 15:25:56,"XHIBIT",01-APR-09 15:25:56,1
277,29,"Daily List","Y","XHIBIT",01-APR-09 15:25:56,"XHIBIT",01-APR-09 15:25:56,1
278,29,"All Lists","Y","XHIBIT",01-APR-09 15:25:56,"XHIBIT",01-APR-09 15:25:56,1
576,59,"Jury Room (New - WF)","N","XHIBIT",01-APR-09 15:25:56,"qco43k",01-APR-09 15:25:56,1
636,67,"Grimsby reception","N","XHIBIT",01-APR-09 15:25:56,"XHIBIT",01-APR-09 15:25:56,1
791,37,"BT","N","XHIBIT",01-APR-09 15:25:56,"XHIBIT",01-APR-09 15:25:56,1
129,12,"All Case Status","N","XHIBIT",01-APR-09 15:25:56,"XHIBIT",01-APR-09 15:25:56,1
261,28,"Public View","Y","XHIBIT",01-APR-09 15:25:56,"XHIBIT",01-APR-09 15:25:56,1
262,28,"Court Room","Y","XHIBIT",01-APR-09 15:25:56,"XHIBIT",01-APR-09 15:25:56,1
263,28,"Jury Room","Y","XHIBIT",01-APR-09 15:25:56,"XHIBIT",01-APR-09 15:25:56,1
264,28,"Summary By Name","Y","XHIBIT",01-APR-09 15:25:56,"XHIBIT",01-APR-09 15:25:56,1
265,28,"Status","Y","XHIBIT",01-APR-09 15:25:56,"XHIBIT",01-APR-09 15:25:56,1
266,28,"Daily List","Y","XHIBIT",01-APR-09 15:25:56,"XHIBIT",01-APR-09 15:25:56,1
267,28,"All Lists","Y","XHIBIT",01-APR-09 15:25:56,"XHIBIT",01-APR-09 15:25:56,1
279,30,"Public View","Y","XHIBIT",01-APR-09 15:25:56,"XHIBIT",01-APR-09 15:25:56,1
280,30,"Court Room","Y","XHIBIT",01-APR-09 15:25:56,"XHIBIT",01-APR-09 15:25:56,1
281,30,"Jury Room","Y","XHIBIT",01-APR-09 15:25:56,"XHIBIT",01-APR-09 15:25:56,1
282,30,"Summary By Name","Y","XHIBIT",01-APR-09 15:25:56,"XHIBIT",01-APR-09 15:25:56,1
283,30,"Status","Y","XHIBIT",01-APR-09 15:25:56,"XHIBIT",01-APR-09 15:25:56,1
284,30,"Daily List","Y","XHIBIT",01-APR-09 15:25:56,"XHIBIT",01-APR-09 15:25:56,1
285,30,"All Lists","Y","XHIBIT",01-APR-09 15:25:56,"XHIBIT",01-APR-09 15:25:56,1
23,1,"Reception Plasma","N","XHIBIT",01-APR-09 15:25:56,"aaronst",01-APR-09 15:25:56,1
104,8,"Public View 2","N","XHIBIT",01-APR-09 15:25:56,"XHIBIT",01-APR-09 15:25:56,1
587,63,"Public View","Y","XHIBIT",01-APR-09 15:25:56,"XHIBIT",01-APR-09 15:25:56,1
588,63,"Court Room","Y","XHIBIT",01-APR-09 15:25:56,"XHIBIT",01-APR-09 15:25:56,1
589,63,"Jury Room","Y","XHIBIT",01-APR-09 15:25:56,"XHIBIT",01-APR-09 15:25:56,1
590,63,"Summary By Name","Y","XHIBIT",01-APR-09 15:25:56,"XHIBIT",01-APR-09 15:25:56,1
591,63,"Status","Y","XHIBIT",01-APR-09 15:25:56,"XHIBIT",01-APR-09 15:25:56,1
592,63,"Daily List","Y","XHIBIT",01-APR-09 15:25:56,"XHIBIT",01-APR-09 15:25:56,1
593,63,"All Lists","Y","XHIBIT",01-APR-09 15:25:56,"XHIBIT",01-APR-09 15:25:56,1
594,64,"Public View","Y","XHIBIT",01-APR-09 15:25:56,"XHIBIT",01-APR-09 15:25:56,1
595,64,"Court Room","Y","XHIBIT",01-APR-09 15:25:56,"XHIBIT",01-APR-09 15:25:56,1
596,64,"Jury Room","Y","XHIBIT",01-APR-09 15:25:56,"XHIBIT",01-APR-09 15:25:56,1
597,64,"Summary By Name","Y","XHIBIT",01-APR-09 15:25:56,"XHIBIT",01-APR-09 15:25:56,1
598,64,"Status","Y","XHIBIT",01-APR-09 15:25:56,"XHIBIT",01-APR-09 15:25:56,1
599,64,"Daily List","Y","XHIBIT",01-APR-09 15:25:56,"XHIBIT",01-APR-09 15:25:56,1
600,64,"All Lists","Y","XHIBIT",01-APR-09 15:25:56,"XHIBIT",01-APR-09 15:25:56,1
24,1,"Witness Services","N","framptonn",01-APR-09 15:25:56,"framptonn",01-APR-09 15:25:56,1
159,16,"robing room","N","XHIBIT",01-APR-09 15:25:56,"XHIBIT",01-APR-09 15:25:56,1
197,19,"ADV2","N","XHIBIT",01-APR-09 15:25:56,"XHIBIT",01-APR-09 15:25:56,1
338,37,"Public View","Y","XHIBIT",01-APR-09 15:25:56,"XHIBIT",01-APR-09 15:25:56,1
339,37,"Court Room","Y","XHIBIT",01-APR-09 15:25:56,"XHIBIT",01-APR-09 15:25:56,1
340,37,"Jury Room","Y","XHIBIT",01-APR-09 15:25:56,"XHIBIT",01-APR-09 15:25:56,1
341,37,"Summary By Name","Y","XHIBIT",01-APR-09 15:25:56,"XHIBIT",01-APR-09 15:25:56,1
342,37,"Status","Y","XHIBIT",01-APR-09 15:25:56,"XHIBIT",01-APR-09 15:25:56,1
343,37,"Daily List","Y","XHIBIT",01-APR-09 15:25:56,"XHIBIT",01-APR-09 15:25:56,1
344,37,"All Lists","Y","XHIBIT",01-APR-09 15:25:56,"XHIBIT",01-APR-09 15:25:56,1
207,19,"Quick Court","N","XHIBIT",01-APR-09 15:25:56,"XHIBIT",01-APR-09 15:25:56,1
286,31,"Public View","Y","XHIBIT",01-APR-09 15:25:56,"XHIBIT",01-APR-09 15:25:56,1
287,31,"Court Room","Y","XHIBIT",01-APR-09 15:25:56,"XHIBIT",01-APR-09 15:25:56,1
288,31,"Jury Room","Y","XHIBIT",01-APR-09 15:25:56,"XHIBIT",01-APR-09 15:25:56,1
289,31,"Summary By Name","Y","XHIBIT",01-APR-09 15:25:56,"XHIBIT",01-APR-09 15:25:56,1
290,31,"Status","Y","XHIBIT",01-APR-09 15:25:56,"XHIBIT",01-APR-09 15:25:56,1
291,31,"Daily List","Y","XHIBIT",01-APR-09 15:25:56,"XHIBIT",01-APR-09 15:25:56,1
292,31,"All Lists","Y","XHIBIT",01-APR-09 15:25:56,"XHIBIT",01-APR-09 15:25:56,1
406,41,"Reception","N","XHIBIT",01-APR-09 15:25:56,"XHIBIT",01-APR-09 15:25:56,1
583,62,"Carlisle advocates","N","XHIBIT",01-APR-09 15:25:56,"XHIBIT",01-APR-09 15:25:56,1
726,56,"All Lists Swansea","N","XHIBIT",01-APR-09 15:25:56,"XHIBIT",01-APR-09 15:25:56,1
82,6,"Quick Court 2","N","XHIBIT",01-APR-09 15:25:56,"XHIBIT",01-APR-09 15:25:56,1
314,34,"Public View","Y","XHIBIT",01-APR-09 15:25:56,"XHIBIT",01-APR-09 15:25:56,1
315,34,"Court Room","Y","XHIBIT",01-APR-09 15:25:56,"XHIBIT",01-APR-09 15:25:56,1
316,34,"Jury Room","Y","XHIBIT",01-APR-09 15:25:56,"XHIBIT",01-APR-09 15:25:56,1
317,34,"Summary By Name","Y","XHIBIT",01-APR-09 15:25:56,"XHIBIT",01-APR-09 15:25:56,1
318,34,"Status","Y","XHIBIT",01-APR-09 15:25:56,"XHIBIT",01-APR-09 15:25:56,1
319,34,"Daily List","Y","XHIBIT",01-APR-09 15:25:56,"XHIBIT",01-APR-09 15:25:56,1
320,34,"All Lists","Y","XHIBIT",01-APR-09 15:25:56,"XHIBIT",01-APR-09 15:25:56,1
391,42,"Public View","Y","XHIBIT",01-APR-09 15:25:56,"XHIBIT",01-APR-09 15:25:56,1
392,42,"Court Room","Y","XHIBIT",01-APR-09 15:25:56,"XHIBIT",01-APR-09 15:25:56,1
393,42,"Jury Room","Y","XHIBIT",01-APR-09 15:25:56,"XHIBIT",01-APR-09 15:25:56,1
394,42,"Summary By Name","Y","XHIBIT",01-APR-09 15:25:56,"XHIBIT",01-APR-09 15:25:56,1
395,42,"Status","Y","XHIBIT",01-APR-09 15:25:56,"XHIBIT",01-APR-09 15:25:56,1
396,42,"Daily List","Y","XHIBIT",01-APR-09 15:25:56,"XHIBIT",01-APR-09 15:25:56,1
397,42,"All Lists","Y","XHIBIT",01-APR-09 15:25:56,"XHIBIT",01-APR-09 15:25:56,1
626,66,"Court Room - quicker","N","XHIBIT",01-APR-09 15:25:56,"XHIBIT",01-APR-09 15:25:56,1
692,71,"Cells","N","XHIBIT",01-APR-09 15:25:56,"XHIBIT",01-APR-09 15:25:56,1
324,35,"Public View","Y","XHIBIT",01-APR-09 15:25:56,"XHIBIT",01-APR-09 15:25:56,1
325,35,"Court Room","Y","XHIBIT",01-APR-09 15:25:56,"XHIBIT",01-APR-09 15:25:56,1
326,35,"Jury Room","Y","XHIBIT",01-APR-09 15:25:56,"XHIBIT",01-APR-09 15:25:56,1
327,35,"Summary By Name","Y","XHIBIT",01-APR-09 15:25:56,"XHIBIT",01-APR-09 15:25:56,1
328,35,"Status","Y","XHIBIT",01-APR-09 15:25:56,"XHIBIT",01-APR-09 15:25:56,1
329,35,"Daily List","Y","XHIBIT",01-APR-09 15:25:56,"XHIBIT",01-APR-09 15:25:56,1
330,35,"All Lists","Y","XHIBIT",01-APR-09 15:25:56,"XHIBIT",01-APR-09 15:25:56,1
735,57,"Status Welsh","N","XHIBIT",01-APR-09 15:25:56,"XHIBIT",01-APR-09 15:25:56,1
579,58,"Birmingham Dining","N","XHIBIT",01-APR-09 15:25:56,"XHIBIT",01-APR-09 15:25:56,1
653,69,"Knutsford All Case","N","XHIBIT",01-APR-09 15:25:56,"qcv45q",01-APR-09 15:25:56,1
200,21,"Court Room","Y","XHIBIT",01-APR-09 15:25:56,"XHIBIT",01-APR-09 15:25:56,1
201,21,"Jury Room","Y","XHIBIT",01-APR-09 15:25:56,"XHIBIT",01-APR-09 15:25:56,1
202,21,"Summary By Name","Y","XHIBIT",01-APR-09 15:25:56,"XHIBIT",01-APR-09 15:25:56,1
203,21,"Status","Y","XHIBIT",01-APR-09 15:25:56,"XHIBIT",01-APR-09 15:25:56,1
204,21,"Daily List","Y","XHIBIT",01-APR-09 15:25:56,"XHIBIT",01-APR-09 15:25:56,1
205,21,"All Lists","Y","XHIBIT",01-APR-09 15:25:56,"XHIBIT",01-APR-09 15:25:56,1
243,24,"Witness Waiting","N","XHIBIT",01-APR-09 15:25:56,"jcg87o",01-APR-09 15:25:56,1
253,26,"Derby Barristers","N","XHIBIT",01-APR-09 15:25:56,"XHIBIT",01-APR-09 15:25:56,1
565,62,"Court Room","Y","XHIBIT",01-APR-09 15:25:56,"XHIBIT",01-APR-09 15:25:56,1
375,41,"Public View","Y","XHIBIT",01-APR-09 15:25:56,"XHIBIT",01-APR-09 15:25:56,1
376,41,"Court Room","Y","XHIBIT",01-APR-09 15:25:56,"XHIBIT",01-APR-09 15:25:56,1
377,41,"Jury Room","Y","XHIBIT",01-APR-09 15:25:56,"XHIBIT",01-APR-09 15:25:56,1
378,41,"Summary By Name","Y","XHIBIT",01-APR-09 15:25:56,"XHIBIT",01-APR-09 15:25:56,1
379,41,"Status","Y","XHIBIT",01-APR-09 15:25:56,"XHIBIT",01-APR-09 15:25:56,1
380,41,"Daily List","Y","XHIBIT",01-APR-09 15:25:56,"XHIBIT",01-APR-09 15:25:56,1
381,41,"All Lists","Y","XHIBIT",01-APR-09 15:25:56,"XHIBIT",01-APR-09 15:25:56,1
564,62,"Public View","Y","XHIBIT",01-APR-09 15:25:56,"XHIBIT",01-APR-09 15:25:56,1
566,62,"Jury Room","Y","XHIBIT",01-APR-09 15:25:56,"XHIBIT",01-APR-09 15:25:56,1
567,62,"Summary By Name","Y","XHIBIT",01-APR-09 15:25:56,"XHIBIT",01-APR-09 15:25:56,1
568,62,"Status","Y","XHIBIT",01-APR-09 15:25:56,"XHIBIT",01-APR-09 15:25:56,1
569,62,"Daily List","Y","XHIBIT",01-APR-09 15:25:56,"XHIBIT",01-APR-09 15:25:56,1
570,62,"All Lists","Y","XHIBIT",01-APR-09 15:25:56,"XHIBIT",01-APR-09 15:25:56,1
629,68,"Public View","Y","XHIBIT",01-APR-09 15:25:56,"XHIBIT",01-APR-09 15:25:56,1
630,68,"Court Room","Y","XHIBIT",01-APR-09 15:25:56,"XHIBIT",01-APR-09 15:25:56,1
631,68,"Jury Room","Y","XHIBIT",01-APR-09 15:25:56,"XHIBIT",01-APR-09 15:25:56,1
632,68,"Summary By Name","Y","XHIBIT",01-APR-09 15:25:56,"XHIBIT",01-APR-09 15:25:56,1
633,68,"Status","Y","XHIBIT",01-APR-09 15:25:56,"XHIBIT",01-APR-09 15:25:56,1
634,68,"Daily List","Y","XHIBIT",01-APR-09 15:25:56,"XHIBIT",01-APR-09 15:25:56,1
635,68,"All Lists","Y","XHIBIT",01-APR-09 15:25:56,"XHIBIT",01-APR-09 15:25:56,1
700,71,"Reception 1","N","XHIBIT",01-APR-09 15:25:56,"XHIBIT",01-APR-09 15:25:56,1
716,55,"Court Room Cardiff","N","XHIBIT",01-APR-09 15:25:56,"XHIBIT",01-APR-09 15:25:56,1
731,57,"Court Room Welsh","N","XHIBIT",01-APR-09 15:25:56,"XHIBIT",01-APR-09 15:25:56,1
268,26,"Case Status","N","XHIBIT",01-APR-09 15:25:56,"XHIBIT",01-APR-09 15:25:56,1
383,39,"Canteen","N","XHIBIT",01-APR-09 15:25:56,"XHIBIT",01-APR-09 15:25:56,1
384,39,"Plymouth Rooms","N","XHIBIT",01-APR-09 15:25:56,"XHIBIT",01-APR-09 15:25:56,1
625,66,"Public View - quicker","N","XHIBIT",01-APR-09 15:25:56,"XHIBIT",01-APR-09 15:25:56,1
679,72,"Court Room","Y","XHIBIT",01-APR-09 15:25:56,"XHIBIT",01-APR-09 15:25:56,1
506,55,"Public View","Y","XHIBIT",01-APR-09 15:25:56,"XHIBIT",01-APR-09 15:25:56,1
507,55,"Court Room","Y","XHIBIT",01-APR-09 15:25:56,"XHIBIT",01-APR-09 15:25:56,1
508,55,"Jury Room","Y","XHIBIT",01-APR-09 15:25:56,"XHIBIT",01-APR-09 15:25:56,1
509,55,"Summary By Name","Y","XHIBIT",01-APR-09 15:25:56,"XHIBIT",01-APR-09 15:25:56,1
510,55,"Status","Y","XHIBIT",01-APR-09 15:25:56,"XHIBIT",01-APR-09 15:25:56,1
511,55,"Daily List","Y","XHIBIT",01-APR-09 15:25:56,"XHIBIT",01-APR-09 15:25:56,1
512,55,"All Lists","Y","XHIBIT",01-APR-09 15:25:56,"XHIBIT",01-APR-09 15:25:56,1
678,72,"Public View","Y","XHIBIT",01-APR-09 15:25:56,"XHIBIT",01-APR-09 15:25:56,1
680,72,"Jury Room","Y","XHIBIT",01-APR-09 15:25:56,"XHIBIT",01-APR-09 15:25:56,1
681,72,"Summary By Name","Y","XHIBIT",01-APR-09 15:25:56,"XHIBIT",01-APR-09 15:25:56,1
682,72,"Status","Y","XHIBIT",01-APR-09 15:25:56,"XHIBIT",01-APR-09 15:25:56,1
683,72,"Daily List","Y","XHIBIT",01-APR-09 15:25:56,"XHIBIT",01-APR-09 15:25:56,1
684,72,"All Lists","Y","XHIBIT",01-APR-09 15:25:56,"XHIBIT",01-APR-09 15:25:56,1
724,56,"Court Room Swansea","N","XHIBIT",01-APR-09 15:25:56,"XHIBIT",01-APR-09 15:25:56,1
773,77,"Public View (Oxford)","N","XHIBIT",01-APR-09 15:25:56,"XHIBIT",01-APR-09 15:25:56,1
790,6,"All Case Status","N","XHIBIT",01-APR-09 15:25:56,"XHIBIT",01-APR-09 15:25:56,1
181,19,"Public View","Y","XHIBIT",01-APR-09 15:25:56,"XHIBIT",01-APR-09 15:25:56,1
182,19,"Court Room","Y","XHIBIT",01-APR-09 15:25:56,"XHIBIT",01-APR-09 15:25:56,1
183,19,"Jury Room","Y","XHIBIT",01-APR-09 15:25:56,"XHIBIT",01-APR-09 15:25:56,1
184,19,"Summary By Name","Y","XHIBIT",01-APR-09 15:25:56,"XHIBIT",01-APR-09 15:25:56,1
185,19,"Status","Y","XHIBIT",01-APR-09 15:25:56,"XHIBIT",01-APR-09 15:25:56,1
186,19,"Daily List","Y","XHIBIT",01-APR-09 15:25:56,"XHIBIT",01-APR-09 15:25:56,1
187,19,"All Lists","Y","XHIBIT",01-APR-09 15:25:56,"XHIBIT",01-APR-09 15:25:56,1
188,20,"Public View","Y","XHIBIT",01-APR-09 15:25:56,"XHIBIT",01-APR-09 15:25:56,1
189,20,"Court Room","Y","XHIBIT",01-APR-09 15:25:56,"XHIBIT",01-APR-09 15:25:56,1
190,20,"Jury Room","Y","XHIBIT",01-APR-09 15:25:56,"XHIBIT",01-APR-09 15:25:56,1
191,20,"Summary By Name","Y","XHIBIT",01-APR-09 15:25:56,"XHIBIT",01-APR-09 15:25:56,1
192,20,"Status","Y","XHIBIT",01-APR-09 15:25:56,"XHIBIT",01-APR-09 15:25:56,1
193,20,"Daily List","Y","XHIBIT",01-APR-09 15:25:56,"XHIBIT",01-APR-09 15:25:56,1
194,20,"All Lists","Y","XHIBIT",01-APR-09 15:25:56,"XHIBIT",01-APR-09 15:25:56,1
299,29,"Public 2","N","XHIBIT",01-APR-09 15:25:56,"XHIBIT",01-APR-09 15:25:56,1
350,38,"Public View","Y","XHIBIT",01-APR-09 15:25:56,"XHIBIT",01-APR-09 15:25:56,1
351,38,"Court Room","Y","XHIBIT",01-APR-09 15:25:56,"XHIBIT",01-APR-09 15:25:56,1
352,38,"Jury Room","Y","XHIBIT",01-APR-09 15:25:56,"XHIBIT",01-APR-09 15:25:56,1
353,38,"Summary By Name","Y","XHIBIT",01-APR-09 15:25:56,"XHIBIT",01-APR-09 15:25:56,1
354,38,"Status","Y","XHIBIT",01-APR-09 15:25:56,"XHIBIT",01-APR-09 15:25:56,1
355,38,"Daily List","Y","XHIBIT",01-APR-09 15:25:56,"XHIBIT",01-APR-09 15:25:56,1
356,38,"All Lists","Y","XHIBIT",01-APR-09 15:25:56,"XHIBIT",01-APR-09 15:25:56,1
441,47,"Court Room (slower)","N","XHIBIT",01-APR-09 15:25:56,"XHIBIT",01-APR-09 15:25:56,1
536,58,"case status","N","XHIBIT",01-APR-09 15:25:56,"XHIBIT",01-APR-09 15:25:56,1
723,55,"Information Pages Cardiff","N","XHIBIT",01-APR-09 15:25:56,"XHIBIT",01-APR-09 15:25:56,1
775,77,"Jury Room (Oxford)","N","XHIBIT",01-APR-09 15:25:56,"XHIBIT",01-APR-09 15:25:56,1
114,13,"Public View","Y","XHIBIT",01-APR-09 15:25:56,"XHIBIT",01-APR-09 15:25:56,1
115,13,"Court Room","Y","XHIBIT",01-APR-09 15:25:56,"XHIBIT",01-APR-09 15:25:56,1
116,13,"Jury Room","Y","XHIBIT",01-APR-09 15:25:56,"XHIBIT",01-APR-09 15:25:56,1
117,13,"Summary By Name","Y","XHIBIT",01-APR-09 15:25:56,"XHIBIT",01-APR-09 15:25:56,1
118,13,"Status","Y","XHIBIT",01-APR-09 15:25:56,"XHIBIT",01-APR-09 15:25:56,1
119,13,"Daily List","Y","XHIBIT",01-APR-09 15:25:56,"XHIBIT",01-APR-09 15:25:56,1
120,13,"All Lists","Y","XHIBIT",01-APR-09 15:25:56,"XHIBIT",01-APR-09 15:25:56,1
556,59,"Reception (New)","N","XHIBIT",01-APR-09 15:25:56,"XHIBIT",01-APR-09 15:25:56,1
585,62,"all case status","N","XHIBIT",01-APR-09 15:25:56,"XHIBIT",01-APR-09 15:25:56,1
665,71,"Public View","Y","XHIBIT",01-APR-09 15:25:56,"XHIBIT",01-APR-09 15:25:56,1
666,71,"Court Room","Y","XHIBIT",01-APR-09 15:25:56,"XHIBIT",01-APR-09 15:25:56,1
667,71,"Jury Room","Y","XHIBIT",01-APR-09 15:25:56,"XHIBIT",01-APR-09 15:25:56,1
668,71,"Summary By Name","Y","XHIBIT",01-APR-09 15:25:56,"XHIBIT",01-APR-09 15:25:56,1
669,71,"Status","Y","XHIBIT",01-APR-09 15:25:56,"XHIBIT",01-APR-09 15:25:56,1
670,71,"Daily List","Y","XHIBIT",01-APR-09 15:25:56,"XHIBIT",01-APR-09 15:25:56,1
671,71,"All Lists","Y","XHIBIT",01-APR-09 15:25:56,"XHIBIT",01-APR-09 15:25:56,1
701,75,"Public View","Y","XHIBIT",01-APR-09 15:25:56,"XHIBIT",01-APR-09 15:25:56,1
702,75,"Court Room","Y","XHIBIT",01-APR-09 15:25:56,"XHIBIT",01-APR-09 15:25:56,1
703,75,"Jury Room","Y","XHIBIT",01-APR-09 15:25:56,"XHIBIT",01-APR-09 15:25:56,1
704,75,"Summary By Name","Y","XHIBIT",01-APR-09 15:25:56,"XHIBIT",01-APR-09 15:25:56,1
705,75,"Status","Y","XHIBIT",01-APR-09 15:25:56,"XHIBIT",01-APR-09 15:25:56,1
706,75,"Daily List","Y","XHIBIT",01-APR-09 15:25:56,"XHIBIT",01-APR-09 15:25:56,1
707,75,"All Lists","Y","XHIBIT",01-APR-09 15:25:56,"XHIBIT",01-APR-09 15:25:56,1
654,69,"Caernarfon Witness Waiting","N","XHIBIT",01-APR-09 15:25:56,"qcv45q",01-APR-09 15:25:56,1
415,41,"Court Room new","N","XHIBIT",01-APR-09 15:25:56,"ycq73i",01-APR-09 15:25:56,1
467,51,"Public View","Y","XHIBIT",01-APR-09 15:25:56,"XHIBIT",01-APR-09 15:25:56,1
468,51,"Court Room","Y","XHIBIT",01-APR-09 15:25:56,"XHIBIT",01-APR-09 15:25:56,1
469,51,"Jury Room","Y","XHIBIT",01-APR-09 15:25:56,"XHIBIT",01-APR-09 15:25:56,1
470,51,"Summary By Name","Y","XHIBIT",01-APR-09 15:25:56,"XHIBIT",01-APR-09 15:25:56,1
471,51,"Status","Y","XHIBIT",01-APR-09 15:25:56,"XHIBIT",01-APR-09 15:25:56,1
472,51,"Daily List","Y","XHIBIT",01-APR-09 15:25:56,"XHIBIT",01-APR-09 15:25:56,1
473,51,"All Lists","Y","XHIBIT",01-APR-09 15:25:56,"XHIBIT",01-APR-09 15:25:56,1
801,81,"All Lists","Y","XHIBIT",01-APR-09 15:25:56,"XHIBIT",01-APR-09 15:25:56,1
802,81,"Court Room","Y","XHIBIT",01-APR-09 15:25:56,"XHIBIT",01-APR-09 15:25:56,1
803,81,"Daily List","Y","XHIBIT",01-APR-09 15:25:56,"XHIBIT",01-APR-09 15:25:56,1
804,81,"Jury Room","Y","XHIBIT",01-APR-09 15:25:56,"XHIBIT",01-APR-09 15:25:56,1
805,81,"Public View","Y","XHIBIT",01-APR-09 15:25:56,"XHIBIT",01-APR-09 15:25:56,1
806,81,"Status","Y","XHIBIT",01-APR-09 15:25:56,"XHIBIT",01-APR-09 15:25:56,1
807,81,"Summary By Name","Y","XHIBIT",01-APR-09 15:25:56,"XHIBIT",01-APR-09 15:25:56,1
808,81,"Reception Plasma","N","XHIBIT",01-APR-09 15:25:56,"XHIBIT",01-APR-09 15:25:56,1
809,81,"Witness Service 42""","N","XHIBIT",01-APR-09 15:25:56,"XHIBIT",01-APR-09 15:25:56,1
810,81,"Witness Services","N","XHIBIT",01-APR-09 15:25:56,"XHIBIT",01-APR-09 15:25:56,1
501,53,"Blackfriars reception","N","XHIBIT",01-APR-09 15:25:56,"XHIBIT",01-APR-09 15:25:56,1
739,69,"Court Room Welsh","N","XHIBIT",01-APR-09 15:25:56,"qcv45q",01-APR-09 15:25:56,1
57,5,"All Case Status Only","N","XHIBIT",01-APR-09 15:25:56,"pcd02x",01-APR-09 15:25:56,1
244,25,"Court quick","N","XHIBIT",01-APR-09 15:25:56,"XHIBIT",01-APR-09 15:25:56,1
360,37,"Liverpool Courts","N","XHIBIT",01-APR-09 15:25:56,"XHIBIT",01-APR-09 15:25:56,1
538,59,"Public View","Y","XHIBIT",01-APR-09 15:25:56,"XHIBIT",01-APR-09 15:25:56,1
539,59,"Court Room","Y","XHIBIT",01-APR-09 15:25:56,"XHIBIT",01-APR-09 15:25:56,1
540,59,"Jury Room","Y","XHIBIT",01-APR-09 15:25:56,"XHIBIT",01-APR-09 15:25:56,1
541,59,"Summary By Name","Y","XHIBIT",01-APR-09 15:25:56,"XHIBIT",01-APR-09 15:25:56,1
542,59,"Status","Y","XHIBIT",01-APR-09 15:25:56,"XHIBIT",01-APR-09 15:25:56,1
543,59,"Daily List","Y","XHIBIT",01-APR-09 15:25:56,"XHIBIT",01-APR-09 15:25:56,1
544,59,"All Lists","Y","XHIBIT",01-APR-09 15:25:56,"XHIBIT",01-APR-09 15:25:56,1
545,60,"Public View","Y","XHIBIT",01-APR-09 15:25:56,"XHIBIT",01-APR-09 15:25:56,1
546,60,"Court Room","Y","XHIBIT",01-APR-09 15:25:56,"XHIBIT",01-APR-09 15:25:56,1
547,60,"Jury Room","Y","XHIBIT",01-APR-09 15:25:56,"XHIBIT",01-APR-09 15:25:56,1
548,60,"Summary By Name","Y","XHIBIT",01-APR-09 15:25:56,"XHIBIT",01-APR-09 15:25:56,1
549,60,"Status","Y","XHIBIT",01-APR-09 15:25:56,"XHIBIT",01-APR-09 15:25:56,1
550,60,"Daily List","Y","XHIBIT",01-APR-09 15:25:56,"XHIBIT",01-APR-09 15:25:56,1
551,60,"All Lists","Y","XHIBIT",01-APR-09 15:25:56,"XHIBIT",01-APR-09 15:25:56,1
720,55,"Jury room Cardiff","N","XHIBIT",01-APR-09 15:25:56,"XHIBIT",01-APR-09 15:25:56,1
769,76,"Court Room English","N","XHIBIT",01-APR-09 15:25:56,"XHIBIT",01-APR-09 15:25:56,1
572,61,"Moot Hall Reception","N","XHIBIT",01-APR-09 15:25:56,"XHIBIT",01-APR-09 15:25:56,1
452,47,"Main Reception","N","XHIBIT",01-APR-09 15:25:56,"XHIBIT",01-APR-09 15:25:56,1
624,64,"Lewes CS","N","XHIBIT",01-APR-09 15:25:56,"XHIBIT",01-APR-09 15:25:56,1
584,62,"carlisle court rooms","N","XHIBIT",01-APR-09 15:25:56,"XHIBIT",01-APR-09 15:25:56,1
736,57,"All Lists Welsh","N","XHIBIT",01-APR-09 15:25:56,"XHIBIT",01-APR-09 15:25:56,1
40,5,"Public View","Y","XHIBIT",01-APR-09 15:25:56,"XHIBIT",01-APR-09 15:25:56,1
41,5,"Court Room","Y","XHIBIT",01-APR-09 15:25:56,"XHIBIT",01-APR-09 15:25:56,1
42,5,"Jury Room","Y","XHIBIT",01-APR-09 15:25:56,"XHIBIT",01-APR-09 15:25:56,1
43,5,"Summary By Name","Y","XHIBIT",01-APR-09 15:25:56,"XHIBIT",01-APR-09 15:25:56,1
44,5,"Status","Y","XHIBIT",01-APR-09 15:25:56,"XHIBIT",01-APR-09 15:25:56,1
45,5,"Daily List","Y","XHIBIT",01-APR-09 15:25:56,"XHIBIT",01-APR-09 15:25:56,1
46,5,"All Lists","Y","XHIBIT",01-APR-09 15:25:56,"XHIBIT",01-APR-09 15:25:56,1
106,12,"Public View","Y","XHIBIT",01-APR-09 15:25:56,"XHIBIT",01-APR-09 15:25:56,1
107,12,"Court Room","Y","XHIBIT",01-APR-09 15:25:56,"XHIBIT",01-APR-09 15:25:56,1
108,12,"Jury Room","Y","XHIBIT",01-APR-09 15:25:56,"XHIBIT",01-APR-09 15:25:56,1
109,12,"Summary By Name","Y","XHIBIT",01-APR-09 15:25:56,"XHIBIT",01-APR-09 15:25:56,1
110,12,"Status","Y","XHIBIT",01-APR-09 15:25:56,"XHIBIT",01-APR-09 15:25:56,1
111,12,"Daily List","Y","XHIBIT",01-APR-09 15:25:56,"XHIBIT",01-APR-09 15:25:56,1
112,12,"All Lists","Y","XHIBIT",01-APR-09 15:25:56,"XHIBIT",01-APR-09 15:25:56,1
489,51,"Court Room Quick","N","XHIBIT",01-APR-09 15:25:56,"XHIBIT",01-APR-09 15:25:56,1
500,50,"Case status","N","XHIBIT",01-APR-09 15:25:56,"XHIBIT",01-APR-09 15:25:56,1
725,56,"Jury Room Swansea","N","XHIBIT",01-APR-09 15:25:56,"XHIBIT",01-APR-09 15:25:56,1
89,10,"Public View","Y","XHIBIT",01-APR-09 15:25:56,"XHIBIT",01-APR-09 15:25:56,1
90,10,"Court Room","Y","XHIBIT",01-APR-09 15:25:56,"XHIBIT",01-APR-09 15:25:56,1
91,10,"Jury Room","Y","XHIBIT",01-APR-09 15:25:56,"XHIBIT",01-APR-09 15:25:56,1
92,10,"Summary By Name","Y","XHIBIT",01-APR-09 15:25:56,"XHIBIT",01-APR-09 15:25:56,1
93,10,"Status","Y","XHIBIT",01-APR-09 15:25:56,"XHIBIT",01-APR-09 15:25:56,1
94,10,"Daily List","Y","XHIBIT",01-APR-09 15:25:56,"XHIBIT",01-APR-09 15:25:56,1
95,10,"All Lists","Y","XHIBIT",01-APR-09 15:25:56,"XHIBIT",01-APR-09 15:25:56,1
417,45,"Public View","Y","XHIBIT",01-APR-09 15:25:56,"XHIBIT",01-APR-09 15:25:56,1
418,45,"Court Room","Y","XHIBIT",01-APR-09 15:25:56,"XHIBIT",01-APR-09 15:25:56,1
419,45,"Jury Room","Y","XHIBIT",01-APR-09 15:25:56,"XHIBIT",01-APR-09 15:25:56,1
420,45,"Summary By Name","Y","XHIBIT",01-APR-09 15:25:56,"XHIBIT",01-APR-09 15:25:56,1
421,45,"Status","Y","XHIBIT",01-APR-09 15:25:56,"XHIBIT",01-APR-09 15:25:56,1
422,45,"Daily List","Y","XHIBIT",01-APR-09 15:25:56,"XHIBIT",01-APR-09 15:25:56,1
423,45,"All Lists","Y","XHIBIT",01-APR-09 15:25:56,"XHIBIT",01-APR-09 15:25:56,1
424,46,"Public View","Y","XHIBIT",01-APR-09 15:25:56,"XHIBIT",01-APR-09 15:25:56,1
425,46,"Court Room","Y","XHIBIT",01-APR-09 15:25:56,"XHIBIT",01-APR-09 15:25:56,1
426,46,"Jury Room","Y","XHIBIT",01-APR-09 15:25:56,"XHIBIT",01-APR-09 15:25:56,1
427,46,"Summary By Name","Y","XHIBIT",01-APR-09 15:25:56,"XHIBIT",01-APR-09 15:25:56,1
428,46,"Status","Y","XHIBIT",01-APR-09 15:25:56,"XHIBIT",01-APR-09 15:25:56,1
429,46,"Daily List","Y","XHIBIT",01-APR-09 15:25:56,"XHIBIT",01-APR-09 15:25:56,1
430,46,"All Lists","Y","XHIBIT",01-APR-09 15:25:56,"XHIBIT",01-APR-09 15:25:56,1
577,59,"Public View (New - WF)","N","XHIBIT",01-APR-09 15:25:56,"qco43k",01-APR-09 15:25:56,1
650,65,"Reception New","N","XHIBIT",01-APR-09 15:25:56,"XHIBIT",01-APR-09 15:25:56,1
718,72,"Public view Newport","N","XHIBIT",01-APR-09 15:25:56,"XHIBIT",01-APR-09 15:25:56,1
121,14,"Public View","Y","XHIBIT",01-APR-09 15:25:56,"XHIBIT",01-APR-09 15:25:56,1
122,14,"Court Room","Y","XHIBIT",01-APR-09 15:25:56,"XHIBIT",01-APR-09 15:25:56,1
123,14,"Jury Room","Y","XHIBIT",01-APR-09 15:25:56,"XHIBIT",01-APR-09 15:25:56,1
124,14,"Summary By Name","Y","XHIBIT",01-APR-09 15:25:56,"XHIBIT",01-APR-09 15:25:56,1
125,14,"Status","Y","XHIBIT",01-APR-09 15:25:56,"XHIBIT",01-APR-09 15:25:56,1
126,14,"Daily List","Y","XHIBIT",01-APR-09 15:25:56,"XHIBIT",01-APR-09 15:25:56,1
127,14,"All Lists","Y","XHIBIT",01-APR-09 15:25:56,"XHIBIT",01-APR-09 15:25:56,1
219,23,"Public View","Y","XHIBIT",01-APR-09 15:25:56,"XHIBIT",01-APR-09 15:25:56,1
220,23,"Court Room","Y","XHIBIT",01-APR-09 15:25:56,"XHIBIT",01-APR-09 15:25:56,1
221,23,"Jury Room","Y","XHIBIT",01-APR-09 15:25:56,"XHIBIT",01-APR-09 15:25:56,1
222,23,"Summary By Name","Y","XHIBIT",01-APR-09 15:25:56,"XHIBIT",01-APR-09 15:25:56,1
223,23,"Status","Y","XHIBIT",01-APR-09 15:25:56,"XHIBIT",01-APR-09 15:25:56,1
224,23,"Daily List","Y","XHIBIT",01-APR-09 15:25:56,"XHIBIT",01-APR-09 15:25:56,1
225,23,"All Lists","Y","XHIBIT",01-APR-09 15:25:56,"XHIBIT",01-APR-09 15:25:56,1
233,24,"All case status","N","XHIBIT",01-APR-09 15:25:56,"XHIBIT",01-APR-09 15:25:56,1
346,37,"reception","N","XHIBIT",01-APR-09 15:25:56,"XHIBIT",01-APR-09 15:25:56,1
349,36,"Courts 2 and 3 Temp","N","XHIBIT",01-APR-09 15:25:56,"XHIBIT",01-APR-09 15:25:56,1
398,43,"Public View","Y","XHIBIT",01-APR-09 15:25:56,"XHIBIT",01-APR-09 15:25:56,1
399,43,"Court Room","Y","XHIBIT",01-APR-09 15:25:56,"XHIBIT",01-APR-09 15:25:56,1
400,43,"Jury Room","Y","XHIBIT",01-APR-09 15:25:56,"XHIBIT",01-APR-09 15:25:56,1
401,43,"Summary By Name","Y","XHIBIT",01-APR-09 15:25:56,"XHIBIT",01-APR-09 15:25:56,1
402,43,"Status","Y","XHIBIT",01-APR-09 15:25:56,"XHIBIT",01-APR-09 15:25:56,1
403,43,"Daily List","Y","XHIBIT",01-APR-09 15:25:56,"XHIBIT",01-APR-09 15:25:56,1
404,43,"All Lists","Y","XHIBIT",01-APR-09 15:25:56,"XHIBIT",01-APR-09 15:25:56,1
745,73,"Dining room","N","XHIBIT",01-APR-09 15:25:56,"XHIBIT",01-APR-09 15:25:56,1
148,16,"Public View","Y","XHIBIT",01-APR-09 15:25:56,"XHIBIT",01-APR-09 15:25:56,1
149,16,"Court Room","Y","XHIBIT",01-APR-09 15:25:56,"XHIBIT",01-APR-09 15:25:56,1
150,16,"Jury Room","Y","XHIBIT",01-APR-09 15:25:56,"XHIBIT",01-APR-09 15:25:56,1
151,16,"Summary By Name","Y","XHIBIT",01-APR-09 15:25:56,"XHIBIT",01-APR-09 15:25:56,1
152,16,"Status","Y","XHIBIT",01-APR-09 15:25:56,"XHIBIT",01-APR-09 15:25:56,1
153,16,"Daily List","Y","XHIBIT",01-APR-09 15:25:56,"XHIBIT",01-APR-09 15:25:56,1
154,16,"All Lists","Y","XHIBIT",01-APR-09 15:25:56,"XHIBIT",01-APR-09 15:25:56,1
523,57,"Court Room","Y","XHIBIT",01-APR-09 15:25:56,"XHIBIT",01-APR-09 15:25:56,1
433,46,"Witness Support","N","XHIBIT",01-APR-09 15:25:56,"XHIBIT",01-APR-09 15:25:56,1
522,57,"Public View","Y","XHIBIT",01-APR-09 15:25:56,"XHIBIT",01-APR-09 15:25:56,1
524,57,"Jury Room","Y","XHIBIT",01-APR-09 15:25:56,"XHIBIT",01-APR-09 15:25:56,1
525,57,"Summary By Name","Y","XHIBIT",01-APR-09 15:25:56,"XHIBIT",01-APR-09 15:25:56,1
526,57,"Status","Y","XHIBIT",01-APR-09 15:25:56,"XHIBIT",01-APR-09 15:25:56,1
475,52,"Court Room","Y","XHIBIT",01-APR-09 15:25:56,"XHIBIT",01-APR-09 15:25:56,1
226,24,"Public View","Y","XHIBIT",01-APR-09 15:25:56,"XHIBIT",01-APR-09 15:25:56,1
227,24,"Court Room","Y","XHIBIT",01-APR-09 15:25:56,"XHIBIT",01-APR-09 15:25:56,1
228,24,"Jury Room","Y","XHIBIT",01-APR-09 15:25:56,"XHIBIT",01-APR-09 15:25:56,1
229,24,"Summary By Name","Y","XHIBIT",01-APR-09 15:25:56,"XHIBIT",01-APR-09 15:25:56,1
230,24,"Status","Y","XHIBIT",01-APR-09 15:25:56,"XHIBIT",01-APR-09 15:25:56,1
231,24,"Daily List","Y","XHIBIT",01-APR-09 15:25:56,"XHIBIT",01-APR-09 15:25:56,1
232,24,"All Lists","Y","XHIBIT",01-APR-09 15:25:56,"XHIBIT",01-APR-09 15:25:56,1
474,52,"Public View","Y","XHIBIT",01-APR-09 15:25:56,"XHIBIT",01-APR-09 15:25:56,1
476,52,"Jury Room","Y","XHIBIT",01-APR-09 15:25:56,"XHIBIT",01-APR-09 15:25:56,1
477,52,"Summary By Name","Y","XHIBIT",01-APR-09 15:25:56,"XHIBIT",01-APR-09 15:25:56,1
478,52,"Status","Y","XHIBIT",01-APR-09 15:25:56,"XHIBIT",01-APR-09 15:25:56,1
479,52,"Daily List","Y","XHIBIT",01-APR-09 15:25:56,"XHIBIT",01-APR-09 15:25:56,1
480,52,"All Lists","Y","XHIBIT",01-APR-09 15:25:56,"XHIBIT",01-APR-09 15:25:56,1
529,58,"Public View","Y","XHIBIT",01-APR-09 15:25:56,"XHIBIT",01-APR-09 15:25:56,1
530,58,"Court Room","Y","XHIBIT",01-APR-09 15:25:56,"XHIBIT",01-APR-09 15:25:56,1
531,58,"Jury Room","Y","XHIBIT",01-APR-09 15:25:56,"XHIBIT",01-APR-09 15:25:56,1
532,58,"Summary By Name","Y","XHIBIT",01-APR-09 15:25:56,"XHIBIT",01-APR-09 15:25:56,1
533,58,"Status","Y","XHIBIT",01-APR-09 15:25:56,"XHIBIT",01-APR-09 15:25:56,1
534,58,"Daily List","Y","XHIBIT",01-APR-09 15:25:56,"XHIBIT",01-APR-09 15:25:56,1
535,58,"All Lists","Y","XHIBIT",01-APR-09 15:25:56,"XHIBIT",01-APR-09 15:25:56,1
554,59,"Public Dining","N","XHIBIT",01-APR-09 15:25:56,"XHIBIT",01-APR-09 15:25:56,1
627,66,"Restaurant","N","XHIBIT",01-APR-09 15:25:56,"qco43k",01-APR-09 15:25:56,1
737,74,"Southampton Court Room","N","XHIBIT",01-APR-09 15:25:56,"XHIBIT",01-APR-09 15:25:56,1
218,22,"public view 2","N","XHIBIT",01-APR-09 15:25:56,"XHIBIT",01-APR-09 15:25:56,1
443,47,"Advocates Dining Room","N","XHIBIT",01-APR-09 15:25:56,"XHIBIT",01-APR-09 15:25:56,1
641,68,"Status Quick","N","XHIBIT",01-APR-09 15:25:56,"XHIBIT",01-APR-09 15:25:56,1
640,64,"Hove CS","N","XHIBIT",01-APR-09 15:25:56,"XHIBIT",01-APR-09 15:25:56,1
708,71,"Northampton Status","N","XHIBIT",01-APR-09 15:25:56,"XHIBIT",01-APR-09 15:25:56,1
414,43,"Court Room Quick","N","XHIBIT",01-APR-09 15:25:56,"XHIBIT",01-APR-09 15:25:56,1
676,69,"Knutsford Witness Waiting","N","XHIBIT",01-APR-09 15:25:56,"qcv45q",01-APR-09 15:25:56,1
387,40,"Barrister's screen","N","XHIBIT",01-APR-09 15:25:56,"XHIBIT",01-APR-09 15:25:56,1
442,47,"Advocates Robing Room","N","XHIBIT",01-APR-09 15:25:56,"XHIBIT",01-APR-09 15:25:56,1
608,63,"Counsel robing room","N","XHIBIT",01-APR-09 15:25:56,"XHIBIT",01-APR-09 15:25:56,1
778,78,"Jury Room (Aylesbury)","N","XHIBIT",01-APR-09 15:25:56,"XHIBIT",01-APR-09 15:25:56,1
65,8,"Public View","Y","XHIBIT",01-APR-09 15:25:56,"XHIBIT",01-APR-09 15:25:56,1
66,8,"Court Room","Y","XHIBIT",01-APR-09 15:25:56,"XHIBIT",01-APR-09 15:25:56,1
67,8,"Jury Room","Y","XHIBIT",01-APR-09 15:25:56,"XHIBIT",01-APR-09 15:25:56,1
68,8,"Summary By Name","Y","XHIBIT",01-APR-09 15:25:56,"XHIBIT",01-APR-09 15:25:56,1
69,8,"Status","Y","XHIBIT",01-APR-09 15:25:56,"XHIBIT",01-APR-09 15:25:56,1
70,8,"Daily List","Y","XHIBIT",01-APR-09 15:25:56,"XHIBIT",01-APR-09 15:25:56,1
71,8,"All Lists","Y","XHIBIT",01-APR-09 15:25:56,"XHIBIT",01-APR-09 15:25:56,1
72,9,"Public View","Y","XHIBIT",01-APR-09 15:25:56,"XHIBIT",01-APR-09 15:25:56,1
73,9,"Court Room","Y","XHIBIT",01-APR-09 15:25:56,"XHIBIT",01-APR-09 15:25:56,1
74,9,"Jury Room","Y","XHIBIT",01-APR-09 15:25:56,"XHIBIT",01-APR-09 15:25:56,1
75,9,"Summary By Name","Y","XHIBIT",01-APR-09 15:25:56,"XHIBIT",01-APR-09 15:25:56,1
76,9,"Status","Y","XHIBIT",01-APR-09 15:25:56,"XHIBIT",01-APR-09 15:25:56,1
77,9,"Daily List","Y","XHIBIT",01-APR-09 15:25:56,"XHIBIT",01-APR-09 15:25:56,1
78,9,"All Lists","Y","XHIBIT",01-APR-09 15:25:56,"XHIBIT",01-APR-09 15:25:56,1
359,38,"Exeter Courtroom","N","XHIBIT",01-APR-09 15:25:56,"XHIBIT",01-APR-09 15:25:56,1
505,52,"2nd floor waiting","N","XHIBIT",01-APR-09 15:25:56,"XHIBIT",01-APR-09 15:25:56,1
573,61,"Case Status New","N","XHIBIT",01-APR-09 15:25:56,"XHIBIT",01-APR-09 15:25:56,1
628,66,"Solicitors' & Barristers' Rooms","N","XHIBIT",01-APR-09 15:25:56,"XHIBIT",01-APR-09 15:25:56,1
454,49,"Court Room","Y","XHIBIT",01-APR-09 15:25:56,"XHIBIT",01-APR-09 15:25:56,1
358,38,"Exeter Public View","N","XHIBIT",01-APR-09 15:25:56,"XHIBIT",01-APR-09 15:25:56,1
453,49,"Public View","Y","XHIBIT",01-APR-09 15:25:56,"XHIBIT",01-APR-09 15:25:56,1
455,49,"Jury Room","Y","XHIBIT",01-APR-09 15:25:56,"XHIBIT",01-APR-09 15:25:56,1
456,49,"Summary By Name","Y","XHIBIT",01-APR-09 15:25:56,"XHIBIT",01-APR-09 15:25:56,1
457,49,"Status","Y","XHIBIT",01-APR-09 15:25:56,"XHIBIT",01-APR-09 15:25:56,1
458,49,"Daily List","Y","XHIBIT",01-APR-09 15:25:56,"XHIBIT",01-APR-09 15:25:56,1
459,49,"All Lists","Y","XHIBIT",01-APR-09 15:25:56,"XHIBIT",01-APR-09 15:25:56,1
586,62,"concourse","N","XHIBIT",01-APR-09 15:25:56,"scn77d",01-APR-09 15:25:56,1
727,75,"Court Room Quick","N","XHIBIT",01-APR-09 15:25:56,"XHIBIT",01-APR-09 15:25:56,1
738,74,"All Case Status","N","XHIBIT",01-APR-09 15:25:56,"XHIBIT",01-APR-09 15:25:56,1
176,18,"Witness Room","N","XHIBIT",01-APR-09 15:25:56,"XHIBIT",01-APR-09 15:25:56,1
242,24,"Lincoln Barristers","N","XHIBIT",01-APR-09 15:25:56,"XHIBIT",01-APR-09 15:25:56,1
432,44,"Public View  Fast","N","XHIBIT",01-APR-09 15:25:56,"XHIBIT",01-APR-09 15:25:56,1
493,54,"Public View","Y","XHIBIT",01-APR-09 15:25:56,"XHIBIT",01-APR-09 15:25:56,1
494,54,"Court Room","Y","XHIBIT",01-APR-09 15:25:56,"XHIBIT",01-APR-09 15:25:56,1
495,54,"Jury Room","Y","XHIBIT",01-APR-09 15:25:56,"XHIBIT",01-APR-09 15:25:56,1
496,54,"Summary By Name","Y","XHIBIT",01-APR-09 15:25:56,"XHIBIT",01-APR-09 15:25:56,1
497,54,"Status","Y","XHIBIT",01-APR-09 15:25:56,"XHIBIT",01-APR-09 15:25:56,1
498,54,"Daily List","Y","XHIBIT",01-APR-09 15:25:56,"XHIBIT",01-APR-09 15:25:56,1
499,54,"All Lists","Y","XHIBIT",01-APR-09 15:25:56,"XHIBIT",01-APR-09 15:25:56,1
730,75,"Ground floor reception","N","XHIBIT",01-APR-09 15:25:56,"XHIBIT",01-APR-09 15:25:56,1
767,76,"Public view English","N","XHIBIT",01-APR-09 15:25:56,"XHIBIT",01-APR-09 15:25:56,1
504,52,"Canteen","N","XHIBIT",01-APR-09 15:25:56,"XHIBIT",01-APR-09 15:25:56,1
140,14,"Barristers","N","XHIBIT",01-APR-09 15:25:56,"XHIBIT",01-APR-09 15:25:56,1
571,60,"New Reception","N","XHIBIT",01-APR-09 15:25:56,"XHIBIT",01-APR-09 15:25:56,1
719,55,"Public View Cardiff","N","XHIBIT",01-APR-09 15:25:56,"XHIBIT",01-APR-09 15:25:56,1
717,72,"Court room quick","N","XHIBIT",01-APR-09 15:25:56,"XHIBIT",01-APR-09 15:25:56,1
771,78,"Public View (Aylesbury)","N","XHIBIT",01-APR-09 15:25:56,"XHIBIT",01-APR-09 15:25:56,1
88,9,"Jury Assembly","N","XHIBIT",01-APR-09 15:25:56,"XHIBIT",01-APR-09 15:25:56,1
113,10,"Public View Quick","N","XHIBIT",01-APR-09 15:25:56,"XHIBIT",01-APR-09 15:25:56,1
195,17,"Public View Quick 2","N","XHIBIT",01-APR-09 15:25:56,"XHIBIT",01-APR-09 15:25:56,1
322,33,"Case Status","N","XHIBIT",01-APR-09 15:25:56,"XHIBIT",01-APR-09 15:25:56,1
481,53,"Public View","Y","XHIBIT",01-APR-09 15:25:56,"XHIBIT",01-APR-09 15:25:56,1
482,53,"Court Room","Y","XHIBIT",01-APR-09 15:25:56,"XHIBIT",01-APR-09 15:25:56,1
483,53,"Jury Room","Y","XHIBIT",01-APR-09 15:25:56,"XHIBIT",01-APR-09 15:25:56,1
484,53,"Summary By Name","Y","XHIBIT",01-APR-09 15:25:56,"XHIBIT",01-APR-09 15:25:56,1
485,53,"Status","Y","XHIBIT",01-APR-09 15:25:56,"XHIBIT",01-APR-09 15:25:56,1
486,53,"Daily List","Y","XHIBIT",01-APR-09 15:25:56,"XHIBIT",01-APR-09 15:25:56,1
487,53,"All Lists","Y","XHIBIT",01-APR-09 15:25:56,"XHIBIT",01-APR-09 15:25:56,1
616,67,"Public View","Y","XHIBIT",01-APR-09 15:25:56,"XHIBIT",01-APR-09 15:25:56,1
617,67,"Court Room","Y","XHIBIT",01-APR-09 15:25:56,"XHIBIT",01-APR-09 15:25:56,1
618,67,"Jury Room","Y","XHIBIT",01-APR-09 15:25:56,"XHIBIT",01-APR-09 15:25:56,1
619,67,"Summary By Name","Y","XHIBIT",01-APR-09 15:25:56,"XHIBIT",01-APR-09 15:25:56,1
620,67,"Status","Y","XHIBIT",01-APR-09 15:25:56,"XHIBIT",01-APR-09 15:25:56,1
621,67,"Daily List","Y","XHIBIT",01-APR-09 15:25:56,"XHIBIT",01-APR-09 15:25:56,1
622,67,"All Lists","Y","XHIBIT",01-APR-09 15:25:56,"XHIBIT",01-APR-09 15:25:56,1
729,75,"First floor","N","XHIBIT",01-APR-09 15:25:56,"XHIBIT",01-APR-09 15:25:56,1
744,73,"Dining room","N","XHIBIT",01-APR-09 15:25:56,"XHIBIT",01-APR-09 15:25:56,1
772,78,"All Lists (Aylesbury)","N","XHIBIT",01-APR-09 15:25:56,"XHIBIT",01-APR-09 15:25:56,1
780,79,"Public View","Y","XHIBIT",01-APR-09 15:25:56,"XHIBIT",01-APR-09 15:25:56,1
781,79,"Court Room","Y","XHIBIT",01-APR-09 15:25:56,"XHIBIT",01-APR-09 15:25:56,1
782,79,"Jury Room","Y","XHIBIT",01-APR-09 15:25:56,"XHIBIT",01-APR-09 15:25:56,1
783,79,"Summary By Name","Y","XHIBIT",01-APR-09 15:25:56,"XHIBIT",01-APR-09 15:25:56,1
784,79,"Status","Y","XHIBIT",01-APR-09 15:25:56,"XHIBIT",01-APR-09 15:25:56,1
785,79,"Daily List","Y","XHIBIT",01-APR-09 15:25:56,"XHIBIT",01-APR-09 15:25:56,1
786,79,"All Lists","Y","XHIBIT",01-APR-09 15:25:56,"XHIBIT",01-APR-09 15:25:56,1
28,1,"Witness Service 42""","N","XHIBIT",01-APR-09 15:25:56,"XHIBIT",01-APR-09 15:25:56,1
270,28,"Public view plus","N","XHIBIT",01-APR-09 15:25:56,"XHIBIT",01-APR-09 15:25:56,1
295,31,"Leeds Barristers","N","XHIBIT",01-APR-09 15:25:56,"XHIBIT",01-APR-09 15:25:56,1
662,57,"Barristers Dining Room","N","XHIBIT",01-APR-09 15:25:56,"XHIBIT",01-APR-09 15:25:56,1
55,5,"Court 1","N","XHIBIT",01-APR-09 15:25:56,"XHIBIT",01-APR-09 15:25:56,1
555,59,"Court Room (New - WF)","N","XHIBIT",01-APR-09 15:25:56,"qco43k",01-APR-09 15:25:56,1
245,25,"All Case Status","N","XHIBIT",01-APR-09 15:25:56,"XHIBIT",01-APR-09 15:25:56,1
416,43,"Public view quick","N","XHIBIT",01-APR-09 15:25:56,"XHIBIT",01-APR-09 15:25:56,1
652,69,"Chester All Case","N","XHIBIT",01-APR-09 15:25:56,"XHIBIT",01-APR-09 15:25:56,1
768,76,"Status English only","N","XHIBIT",01-APR-09 15:25:56,"XHIBIT",01-APR-09 15:25:56,1
793,80,"Public View","Y","XHIBIT",01-APR-09 15:25:56,"XHIBIT",01-APR-09 15:25:56,1
794,80,"Court Room","Y","XHIBIT",01-APR-09 15:25:56,"XHIBIT",01-APR-09 15:25:56,1
795,80,"Jury Room","Y","XHIBIT",01-APR-09 15:25:56,"XHIBIT",01-APR-09 15:25:56,1
796,80,"Summary By Name","Y","XHIBIT",01-APR-09 15:25:56,"XHIBIT",01-APR-09 15:25:56,1
797,80,"Status","Y","XHIBIT",01-APR-09 15:25:56,"XHIBIT",01-APR-09 15:25:56,1
798,80,"Daily List","Y","XHIBIT",01-APR-09 15:25:56,"XHIBIT",01-APR-09 15:25:56,1
799,80,"All Lists","Y","XHIBIT",01-APR-09 15:25:56,"XHIBIT",01-APR-09 15:25:56,1
777,77,"All Lists (Oxford)","N","XHIBIT",01-APR-09 15:25:56,"XHIBIT",01-APR-09 15:25:56,1
792,78,"Detail","N","XHIBIT",01-APR-09 15:25:56,"XHIBIT",01-APR-09 15:25:56,1
56,5,"Court 2","N","XHIBIT",01-APR-09 15:25:56,"XHIBIT",01-APR-09 15:25:56,1
86,9,"Advocates","N","XHIBIT",01-APR-09 15:25:56,"XHIBIT",01-APR-09 15:25:56,1
130,12,"Court Quick","N","XHIBIT",01-APR-09 15:25:56,"XHIBIT",01-APR-09 15:25:56,1
179,18,"Court Room Matt","N","XHIBIT",01-APR-09 15:25:56,"XHIBIT",01-APR-09 15:25:56,1
235,25,"Public View","Y","XHIBIT",01-APR-09 15:25:56,"XHIBIT",01-APR-09 15:25:56,1
236,25,"Court Room","Y","XHIBIT",01-APR-09 15:25:56,"XHIBIT",01-APR-09 15:25:56,1
237,25,"Jury Room","Y","XHIBIT",01-APR-09 15:25:56,"XHIBIT",01-APR-09 15:25:56,1
238,25,"Summary By Name","Y","XHIBIT",01-APR-09 15:25:56,"XHIBIT",01-APR-09 15:25:56,1
239,25,"Status","Y","XHIBIT",01-APR-09 15:25:56,"XHIBIT",01-APR-09 15:25:56,1
240,25,"Daily List","Y","XHIBIT",01-APR-09 15:25:56,"XHIBIT",01-APR-09 15:25:56,1
241,25,"All Lists","Y","XHIBIT",01-APR-09 15:25:56,"XHIBIT",01-APR-09 15:25:56,1
382,41,"All Case Status","N","XHIBIT",01-APR-09 15:25:56,"XHIBIT",01-APR-09 15:25:56,1
521,54,"Fast Summary by Name","N","XHIBIT",01-APR-09 15:25:56,"scl31j",01-APR-09 15:25:56,1
663,56,"All Case Status","N","XHIBIT",01-APR-09 15:25:56,"XHIBIT",01-APR-09 15:25:56,1
675,70,"Witness Waiting (10 secs)","N","XHIBIT",01-APR-09 15:25:56,"XHIBIT",01-APR-09 15:25:56,1
742,69,"All Lists Welsh","N","XHIBIT",01-APR-09 15:25:56,"XHIBIT",01-APR-09 15:25:56,1
787,69,"Jury Room (10 secs)","N","XHIBIT",01-APR-09 15:25:56,"XHIBIT",01-APR-09 15:25:56,1
788,69,"Reception (10secs)","N","XHIBIT",01-APR-09 15:25:56,"XHIBIT",01-APR-09 15:25:56,1
789,69,"Witness Waiting (10 secs)","N","XHIBIT",01-APR-09 15:25:56,"XHIBIT",01-APR-09 15:25:56,1
294,31,"Leeds Barristers 2","N","XHIBIT",01-APR-09 15:25:56,"eco37w",01-APR-09 15:25:56,1
208,20,"Witness Support","N","XHIBIT",01-APR-09 15:25:56,"XHIBIT",01-APR-09 15:25:56,1
293,31,"Leeds Public","N","XHIBIT",01-APR-09 15:25:56,"XHIBIT",01-APR-09 15:25:56,1
385,37,"ground floor","N","XHIBIT",01-APR-09 15:25:56,"XHIBIT",01-APR-09 15:25:56,1
386,41,"All Status","N","XHIBIT",01-APR-09 15:25:56,"XHIBIT",01-APR-09 15:25:56,1
434,47,"Public View","Y","XHIBIT",01-APR-09 15:25:56,"XHIBIT",01-APR-09 15:25:56,1
435,47,"Court Room","Y","XHIBIT",01-APR-09 15:25:56,"XHIBIT",01-APR-09 15:25:56,1
436,47,"Jury Room","Y","XHIBIT",01-APR-09 15:25:56,"XHIBIT",01-APR-09 15:25:56,1
437,47,"Summary By Name","Y","XHIBIT",01-APR-09 15:25:56,"XHIBIT",01-APR-09 15:25:56,1
438,47,"Status","Y","XHIBIT",01-APR-09 15:25:56,"XHIBIT",01-APR-09 15:25:56,1
439,47,"Daily List","Y","XHIBIT",01-APR-09 15:25:56,"XHIBIT",01-APR-09 15:25:56,1
440,47,"All Lists","Y","XHIBIT",01-APR-09 15:25:56,"XHIBIT",01-APR-09 15:25:56,1
581,61,"Reception New","N","XHIBIT",01-APR-09 15:25:56,"XHIBIT",01-APR-09 15:25:56,1
85,8,"All Case Status Only","N","XHIBIT",01-APR-09 15:25:56,"XHIBIT",01-APR-09 15:25:56,1
269,28,"Barrister status","N","XHIBIT",01-APR-09 15:25:56,"XHIBIT",01-APR-09 15:25:56,1
178,18,"Reception","N","XHIBIT",01-APR-09 15:25:56,"scn77d",01-APR-09 15:25:56,1
488,49,"Courtrooms (slow - 10 secs)","N","XHIBIT",01-APR-09 15:25:56,"qco43k",01-APR-09 15:25:56,1
503,50,"Advocates dining","N","XHIBIT",01-APR-09 15:25:56,"XHIBIT",01-APR-09 15:25:56,1
740,69,"Public View Welsh","N","XHIBIT",01-APR-09 15:25:56,"XHIBIT",01-APR-09 15:25:56,1
234,24,"All Court Status","N","XHIBIT",01-APR-09 15:25:56,"XHIBIT",01-APR-09 15:25:56,1
271,27,"All Case Status","N","XHIBIT",01-APR-09 15:25:56,"XHIBIT",01-APR-09 15:25:56,1
80,6,"Name List Quick","N","XHIBIT",01-APR-09 15:25:56,"XHIBIT",01-APR-09 15:25:56,1
87,9,"Reception","N","XHIBIT",01-APR-09 15:25:56,"XHIBIT",01-APR-09 15:25:56,1
1,1,"Public View","Y","XHIBIT",01-APR-09 15:25:56,"XHIBIT",01-APR-09 15:25:56,1
2,1,"Court Room","Y","XHIBIT",01-APR-09 15:25:56,"XHIBIT",01-APR-09 15:25:56,1
3,1,"Jury Room","Y","XHIBIT",01-APR-09 15:25:56,"XHIBIT",01-APR-09 15:25:56,1
4,1,"Summary By Name","Y","XHIBIT",01-APR-09 15:25:56,"XHIBIT",01-APR-09 15:25:56,1
5,1,"Status","Y","XHIBIT",01-APR-09 15:25:56,"XHIBIT",01-APR-09 15:25:56,1
6,1,"Daily List","Y","XHIBIT",01-APR-09 15:25:56,"XHIBIT",01-APR-09 15:25:56,1
7,1,"All Lists","Y","XHIBIT",01-APR-09 15:25:56,"XHIBIT",01-APR-09 15:25:56,1
8,2,"Public View","Y","XHIBIT",01-APR-09 15:25:56,"XHIBIT",01-APR-09 15:25:56,1
9,2,"Court Room","Y","XHIBIT",01-APR-09 15:25:56,"XHIBIT",01-APR-09 15:25:56,1
10,2,"Jury Room","Y","XHIBIT",01-APR-09 15:25:56,"XHIBIT",01-APR-09 15:25:56,1
11,2,"Summary By Name","Y","XHIBIT",01-APR-09 15:25:56,"XHIBIT",01-APR-09 15:25:56,1
12,2,"Status","Y","XHIBIT",01-APR-09 15:25:56,"XHIBIT",01-APR-09 15:25:56,1
13,2,"Daily List","Y","XHIBIT",01-APR-09 15:25:56,"XHIBIT",01-APR-09 15:25:56,1
14,2,"All Lists","Y","XHIBIT",01-APR-09 15:25:56,"XHIBIT",01-APR-09 15:25:56,1
15,3,"Public View","Y","XHIBIT",01-APR-09 15:25:56,"XHIBIT",01-APR-09 15:25:56,1
16,3,"Court Room","Y","XHIBIT",01-APR-09 15:25:56,"XHIBIT",01-APR-09 15:25:56,1
17,3,"Jury Room","Y","XHIBIT",01-APR-09 15:25:56,"XHIBIT",01-APR-09 15:25:56,1
18,3,"Summary By Name","Y","XHIBIT",01-APR-09 15:25:56,"XHIBIT",01-APR-09 15:25:56,1
19,3,"Status","Y","XHIBIT",01-APR-09 15:25:56,"XHIBIT",01-APR-09 15:25:56,1
20,3,"Daily List","Y","XHIBIT",01-APR-09 15:25:56,"XHIBIT",01-APR-09 15:25:56,1
21,3,"All Lists","Y","XHIBIT",01-APR-09 15:25:56,"XHIBIT",01-APR-09 15:25:56,1
79,6,"All Court Quick","N","XHIBIT",01-APR-09 15:25:56,"XHIBIT",01-APR-09 15:25:56,1
103,10,"Advocates","N","XHIBIT",01-APR-09 15:25:56,"XHIBIT",01-APR-09 15:25:56,1
147,13,"JURY SAFE","N","XHIBIT",01-APR-09 15:25:56,"XHIBIT",01-APR-09 15:25:56,1
177,18,"Canteen","N","XHIBIT",01-APR-09 15:25:56,"XHIBIT",01-APR-09 15:25:56,1
460,50,"Public View","Y","XHIBIT",01-APR-09 15:25:56,"XHIBIT",01-APR-09 15:25:56,1
210,21,"Case Status","N","XHIBIT",01-APR-09 15:25:56,"XHIBIT",01-APR-09 15:25:56,1
451,44,"Advocate 1","N","XHIBIT",01-APR-09 15:25:56,"XHIBIT",01-APR-09 15:25:56,1
461,50,"Court Room","Y","XHIBIT",01-APR-09 15:25:56,"XHIBIT",01-APR-09 15:25:56,1
462,50,"Jury Room","Y","XHIBIT",01-APR-09 15:25:56,"XHIBIT",01-APR-09 15:25:56,1
463,50,"Summary By Name","Y","XHIBIT",01-APR-09 15:25:56,"XHIBIT",01-APR-09 15:25:56,1
464,50,"Status","Y","XHIBIT",01-APR-09 15:25:56,"XHIBIT",01-APR-09 15:25:56,1
465,50,"Daily List","Y","XHIBIT",01-APR-09 15:25:56,"XHIBIT",01-APR-09 15:25:56,1
466,50,"All Lists","Y","XHIBIT",01-APR-09 15:25:56,"XHIBIT",01-APR-09 15:25:56,1
760,78,"Public View","Y","XHIBIT",01-APR-09 15:25:56,"XHIBIT",01-APR-09 15:25:56,1
761,78,"Court Room","Y","XHIBIT",01-APR-09 15:25:56,"XHIBIT",01-APR-09 15:25:56,1
762,78,"Jury Room","Y","XHIBIT",01-APR-09 15:25:56,"XHIBIT",01-APR-09 15:25:56,1
763,78,"Summary By Name","Y","XHIBIT",01-APR-09 15:25:56,"XHIBIT",01-APR-09 15:25:56,1
764,78,"Status","Y","XHIBIT",01-APR-09 15:25:56,"XHIBIT",01-APR-09 15:25:56,1
765,78,"Daily List","Y","XHIBIT",01-APR-09 15:25:56,"XHIBIT",01-APR-09 15:25:56,1
766,78,"All Lists","Y","XHIBIT",01-APR-09 15:25:56,"XHIBIT",01-APR-09 15:25:56,1
157,15,"Lancaster Court","N","XHIBIT",01-APR-09 15:25:56,"XHIBIT",01-APR-09 15:25:56,1
649,66,"Jury Room - new","N","XHIBIT",01-APR-09 15:25:56,"XHIBIT",01-APR-09 15:25:56,1
743,73,"Robing room","N","XHIBIT",01-APR-09 15:25:56,"XHIBIT",01-APR-09 15:25:56,1
81,6,"Quick courtroom","N","XHIBIT",01-APR-09 15:25:56,"XHIBIT",01-APR-09 15:25:56,1
297,31,"all case status","N","XHIBIT",01-APR-09 15:25:56,"XHIBIT",01-APR-09 15:25:56,1
407,44,"Public View","Y","XHIBIT",01-APR-09 15:25:56,"XHIBIT",01-APR-09 15:25:56,1
408,44,"Court Room","Y","XHIBIT",01-APR-09 15:25:56,"XHIBIT",01-APR-09 15:25:56,1
409,44,"Jury Room","Y","XHIBIT",01-APR-09 15:25:56,"XHIBIT",01-APR-09 15:25:56,1
410,44,"Summary By Name","Y","XHIBIT",01-APR-09 15:25:56,"XHIBIT",01-APR-09 15:25:56,1
411,44,"Status","Y","XHIBIT",01-APR-09 15:25:56,"XHIBIT",01-APR-09 15:25:56,1
412,44,"Daily List","Y","XHIBIT",01-APR-09 15:25:56,"XHIBIT",01-APR-09 15:25:56,1
413,44,"All Lists","Y","XHIBIT",01-APR-09 15:25:56,"XHIBIT",01-APR-09 15:25:56,1
623,64,"Hove all case","N","XHIBIT",01-APR-09 15:25:56,"XHIBIT",01-APR-09 15:25:56,1
639,66,"Solicitors' & Barristers' Rooms - quicker","N","XHIBIT",01-APR-09 15:25:56,"qco43k",01-APR-09 15:25:56,1
673,70,"Reception (10secs)","N","XHIBIT",01-APR-09 15:25:56,"XHIBIT",01-APR-09 15:25:56,1
674,70,"Jury Room (10 secs)","N","XHIBIT",01-APR-09 15:25:56,"XHIBIT",01-APR-09 15:25:56,1
734,57,"Jury Roon Welsh","N","XHIBIT",01-APR-09 15:25:56,"XHIBIT",01-APR-09 15:25:56,1
741,69,"Jury Room Welsh","N","XHIBIT",01-APR-09 15:25:56,"XHIBIT",01-APR-09 15:25:56,1
776,77,"Status (Oxford)","N","XHIBIT",01-APR-09 15:25:56,"XHIBIT",01-APR-09 15:25:56,1
175,18,"Robing Room","N","XHIBIT",01-APR-09 15:25:56,"scn77d",01-APR-09 15:25:56,1
198,19,"WIT1","N","XHIBIT",01-APR-09 15:25:56,"XHIBIT",01-APR-09 15:25:56,1
323,33,"Public View 2","N","XHIBIT",01-APR-09 15:25:56,"XHIBIT",01-APR-09 15:25:56,1
361,39,"Public View","Y","XHIBIT",01-APR-09 15:25:56,"XHIBIT",01-APR-09 15:25:56,1
362,39,"Court Room","Y","XHIBIT",01-APR-09 15:25:56,"XHIBIT",01-APR-09 15:25:56,1
363,39,"Jury Room","Y","XHIBIT",01-APR-09 15:25:56,"XHIBIT",01-APR-09 15:25:56,1
364,39,"Summary By Name","Y","XHIBIT",01-APR-09 15:25:56,"XHIBIT",01-APR-09 15:25:56,1
365,39,"Status","Y","XHIBIT",01-APR-09 15:25:56,"XHIBIT",01-APR-09 15:25:56,1
366,39,"Daily List","Y","XHIBIT",01-APR-09 15:25:56,"XHIBIT",01-APR-09 15:25:56,1
367,39,"All Lists","Y","XHIBIT",01-APR-09 15:25:56,"XHIBIT",01-APR-09 15:25:56,1
310,33,"Summary By Name","Y","XHIBIT",01-APR-09 15:25:56,"XHIBIT",01-APR-09 15:25:56,1
311,33,"Status","Y","XHIBIT",01-APR-09 15:25:56,"XHIBIT",01-APR-09 15:25:56,1
312,33,"Daily List","Y","XHIBIT",01-APR-09 15:25:56,"XHIBIT",01-APR-09 15:25:56,1
313,33,"All Lists","Y","XHIBIT",01-APR-09 15:25:56,"XHIBIT",01-APR-09 15:25:56,1
728,75,"All Case Status","N","XHIBIT",01-APR-09 15:25:56,"XHIBIT",01-APR-09 15:25:56,1
141,14,"Jury Assembly","N","XHIBIT",01-APR-09 15:25:56,"XHIBIT",01-APR-09 15:25:56,1
156,15,"Case Status","N","XHIBIT",01-APR-09 15:25:56,"XHIBIT",01-APR-09 15:25:56,1
368,40,"Public View","Y","XHIBIT",01-APR-09 15:25:56,"XHIBIT",01-APR-09 15:25:56,1
369,40,"Court Room","Y","XHIBIT",01-APR-09 15:25:56,"XHIBIT",01-APR-09 15:25:56,1
370,40,"Jury Room","Y","XHIBIT",01-APR-09 15:25:56,"XHIBIT",01-APR-09 15:25:56,1
371,40,"Summary By Name","Y","XHIBIT",01-APR-09 15:25:56,"XHIBIT",01-APR-09 15:25:56,1
372,40,"Status","Y","XHIBIT",01-APR-09 15:25:56,"XHIBIT",01-APR-09 15:25:56,1
373,40,"Daily List","Y","XHIBIT",01-APR-09 15:25:56,"XHIBIT",01-APR-09 15:25:56,1
374,40,"All Lists","Y","XHIBIT",01-APR-09 15:25:56,"XHIBIT",01-APR-09 15:25:56,1
390,40,"Witness waiting room","N","XHIBIT",01-APR-09 15:25:56,"XHIBIT",01-APR-09 15:25:56,1
167,18,"Public View","Y","XHIBIT",01-APR-09 15:25:56,"XHIBIT",01-APR-09 15:25:56,1
168,18,"Court Room","Y","XHIBIT",01-APR-09 15:25:56,"XHIBIT",01-APR-09 15:25:56,1
169,18,"Jury Room","Y","XHIBIT",01-APR-09 15:25:56,"XHIBIT",01-APR-09 15:25:56,1
170,18,"Summary By Name","Y","XHIBIT",01-APR-09 15:25:56,"XHIBIT",01-APR-09 15:25:56,1
171,18,"Status","Y","XHIBIT",01-APR-09 15:25:56,"XHIBIT",01-APR-09 15:25:56,1
172,18,"Daily List","Y","XHIBIT",01-APR-09 15:25:56,"XHIBIT",01-APR-09 15:25:56,1
173,18,"All Lists","Y","XHIBIT",01-APR-09 15:25:56,"XHIBIT",01-APR-09 15:25:56,1
180,17,"Public View Quick","N","XHIBIT",01-APR-09 15:25:56,"XHIBIT",01-APR-09 15:25:56,1
348,37,"Case Status","N","XHIBIT",01-APR-09 15:25:56,"XHIBIT",01-APR-09 15:25:56,1
655,70,"Public View","Y","XHIBIT",01-APR-09 15:25:56,"XHIBIT",01-APR-09 15:25:56,1
656,70,"Court Room","Y","XHIBIT",01-APR-09 15:25:56,"XHIBIT",01-APR-09 15:25:56,1
657,70,"Jury Room","Y","XHIBIT",01-APR-09 15:25:56,"XHIBIT",01-APR-09 15:25:56,1
658,70,"Summary By Name","Y","XHIBIT",01-APR-09 15:25:56,"XHIBIT",01-APR-09 15:25:56,1
659,70,"Status","Y","XHIBIT",01-APR-09 15:25:56,"XHIBIT",01-APR-09 15:25:56,1
660,70,"Daily List","Y","XHIBIT",01-APR-09 15:25:56,"XHIBIT",01-APR-09 15:25:56,1
661,70,"All Lists","Y","XHIBIT",01-APR-09 15:25:56,"XHIBIT",01-APR-09 15:25:56,1
721,55,"Summary by name Cardiff","N","XHIBIT",01-APR-09 15:25:56,"XHIBIT",01-APR-09 15:25:56,1
331,36,"Public View","Y","XHIBIT",01-APR-09 15:25:56,"XHIBIT",01-APR-09 15:25:56,1
332,36,"Court Room","Y","XHIBIT",01-APR-09 15:25:56,"XHIBIT",01-APR-09 15:25:56,1
333,36,"Jury Room","Y","XHIBIT",01-APR-09 15:25:56,"XHIBIT",01-APR-09 15:25:56,1
334,36,"Summary By Name","Y","XHIBIT",01-APR-09 15:25:56,"XHIBIT",01-APR-09 15:25:56,1
335,36,"Status","Y","XHIBIT",01-APR-09 15:25:56,"XHIBIT",01-APR-09 15:25:56,1
336,36,"Daily List","Y","XHIBIT",01-APR-09 15:25:56,"XHIBIT",01-APR-09 15:25:56,1
337,36,"All Lists","Y","XHIBIT",01-APR-09 15:25:56,"XHIBIT",01-APR-09 15:25:56,1
537,36,"Quick Summary by name","N","XHIBIT",01-APR-09 15:25:56,"scw48e",01-APR-09 15:25:56,1
609,66,"Public View","Y","XHIBIT",01-APR-09 15:25:56,"XHIBIT",01-APR-09 15:25:56,1
610,66,"Court Room","Y","XHIBIT",01-APR-09 15:25:56,"XHIBIT",01-APR-09 15:25:56,1
611,66,"Jury Room","Y","XHIBIT",01-APR-09 15:25:56,"XHIBIT",01-APR-09 15:25:56,1
612,66,"Summary By Name","Y","XHIBIT",01-APR-09 15:25:56,"XHIBIT",01-APR-09 15:25:56,1
800,80,"GT1","N","XHIBIT",01-APR-09 15:25:56,"XHIBIT",01-APR-09 15:25:56,1
613,66,"Status","Y","XHIBIT",01-APR-09 15:25:56,"XHIBIT",01-APR-09 15:25:56,1
614,66,"Daily List","Y","XHIBIT",01-APR-09 15:25:56,"XHIBIT",01-APR-09 15:25:56,1
615,66,"All Lists","Y","XHIBIT",01-APR-09 15:25:56,"XHIBIT",01-APR-09 15:25:56,1
672,71,"Witness Service","N","XHIBIT",01-APR-09 15:25:56,"vcy00j",01-APR-09 15:25:56,1
321,34,"Barristers 1","N","XHIBIT",01-APR-09 15:25:56,"XHIBIT",01-APR-09 15:25:56,1
574,61,"Robing Room New","N","XHIBIT",01-APR-09 15:25:56,"XHIBIT",01-APR-09 15:25:56,1
811,81,"NewOne","N","XHIBIT",08-JUN-09 17:55:42,"XHIBIT",08-JUN-09 17:55:42,1
715,74,"Southampton General","N","XHIBIT",01-APR-09 15:25:56,"rcm64k",01-APR-09 15:25:56,1
209,21,"Court Quick","N","XHIBIT",01-APR-09 15:25:56,"XHIBIT",01-APR-09 15:25:56,1
347,37,"general -plasma","N","XHIBIT",01-APR-09 15:25:56,"XHIBIT",01-APR-09 15:25:56,1
389,40,"42"" Plasma","N","XHIBIT",01-APR-09 15:25:56,"acz32n",01-APR-09 15:25:56,1
492,49,"Canteen (new)","N","XHIBIT",01-APR-09 15:25:56,"XHIBIT",01-APR-09 15:25:56,1
643,69,"Court Room","Y","XHIBIT",01-APR-09 15:25:56,"XHIBIT",01-APR-09 15:25:56,1
638,65,"Court Room Quick","N","XHIBIT",01-APR-09 15:25:56,"XHIBIT",01-APR-09 15:25:56,1
642,69,"Public View","Y","XHIBIT",01-APR-09 15:25:56,"XHIBIT",01-APR-09 15:25:56,1
644,69,"Jury Room","Y","XHIBIT",01-APR-09 15:25:56,"XHIBIT",01-APR-09 15:25:56,1
645,69,"Summary By Name","Y","XHIBIT",01-APR-09 15:25:56,"XHIBIT",01-APR-09 15:25:56,1
646,69,"Status","Y","XHIBIT",01-APR-09 15:25:56,"XHIBIT",01-APR-09 15:25:56,1
647,69,"Daily List","Y","XHIBIT",01-APR-09 15:25:56,"XHIBIT",01-APR-09 15:25:56,1
648,69,"All Lists","Y","XHIBIT",01-APR-09 15:25:56,"XHIBIT",01-APR-09 15:25:56,1
664,56,"Public1","N","XHIBIT",01-APR-09 15:25:56,"XHIBIT",01-APR-09 15:25:56,1
732,57,"Public View Welsh","N","XHIBIT",01-APR-09 15:25:56,"XHIBIT",01-APR-09 15:25:56,1
774,77,"Court Room (Oxford)","N","XHIBIT",01-APR-09 15:25:56,"XHIBIT",01-APR-09 15:25:56,1
47,6,"Public View","Y","XHIBIT",01-APR-09 15:25:56,"XHIBIT",01-APR-09 15:25:56,1
48,6,"Court Room","Y","XHIBIT",01-APR-09 15:25:56,"XHIBIT",01-APR-09 15:25:56,1
709,70,"Test","N","XHIBIT",01-APR-09 15:25:56,"XHIBIT",01-APR-09 15:25:56,1
142,14,"Witness Room","N","XHIBIT",01-APR-09 15:25:56,"XHIBIT",01-APR-09 15:25:56,1
155,15,"Court Sessions","N","XHIBIT",01-APR-09 15:25:56,"XHIBIT",01-APR-09 15:25:56,1
444,48,"Public View","Y","XHIBIT",01-APR-09 15:25:56,"XHIBIT",01-APR-09 15:25:56,1
445,48,"Court Room","Y","XHIBIT",01-APR-09 15:25:56,"XHIBIT",01-APR-09 15:25:56,1
446,48,"Jury Room","Y","XHIBIT",01-APR-09 15:25:56,"XHIBIT",01-APR-09 15:25:56,1
447,48,"Summary By Name","Y","XHIBIT",01-APR-09 15:25:56,"XHIBIT",01-APR-09 15:25:56,1
448,48,"Status","Y","XHIBIT",01-APR-09 15:25:56,"XHIBIT",01-APR-09 15:25:56,1
449,48,"Daily List","Y","XHIBIT",01-APR-09 15:25:56,"XHIBIT",01-APR-09 15:25:56,1
450,48,"All Lists","Y","XHIBIT",01-APR-09 15:25:56,"XHIBIT",01-APR-09 15:25:56,1
580,58,"Newton St general","N","XHIBIT",01-APR-09 15:25:56,"XHIBIT",01-APR-09 15:25:56,1
746,76,"Public View","Y","XHIBIT",01-APR-09 15:25:56,"XHIBIT",01-APR-09 15:25:56,1
747,76,"Court Room","Y","XHIBIT",01-APR-09 15:25:56,"XHIBIT",01-APR-09 15:25:56,1
748,76,"Jury Room","Y","XHIBIT",01-APR-09 15:25:56,"XHIBIT",01-APR-09 15:25:56,1
749,76,"Summary By Name","Y","XHIBIT",01-APR-09 15:25:56,"XHIBIT",01-APR-09 15:25:56,1
750,76,"Status","Y","XHIBIT",01-APR-09 15:25:56,"XHIBIT",01-APR-09 15:25:56,1
751,76,"Daily List","Y","XHIBIT",01-APR-09 15:25:56,"XHIBIT",01-APR-09 15:25:56,1
752,76,"All Lists","Y","XHIBIT",01-APR-09 15:25:56,"XHIBIT",01-APR-09 15:25:56,1
514,56,"Court Room","Y","XHIBIT",01-APR-09 15:25:56,"XHIBIT",01-APR-09 15:25:56,1
128,12,"All Court Status","N","XHIBIT",01-APR-09 15:25:56,"XHIBIT",01-APR-09 15:25:56,1
513,56,"Public View","Y","XHIBIT",01-APR-09 15:25:56,"XHIBIT",01-APR-09 15:25:56,1
515,56,"Jury Room","Y","XHIBIT",01-APR-09 15:25:56,"XHIBIT",01-APR-09 15:25:56,1
516,56,"Summary By Name","Y","XHIBIT",01-APR-09 15:25:56,"XHIBIT",01-APR-09 15:25:56,1
517,56,"Status","Y","XHIBIT",01-APR-09 15:25:56,"XHIBIT",01-APR-09 15:25:56,1
518,56,"Daily List","Y","XHIBIT",01-APR-09 15:25:56,"XHIBIT",01-APR-09 15:25:56,1
519,56,"All Lists","Y","XHIBIT",01-APR-09 15:25:56,"XHIBIT",01-APR-09 15:25:56,1
693,74,"Public View","Y","XHIBIT",01-APR-09 15:25:56,"XHIBIT",01-APR-09 15:25:56,1
694,74,"Court Room","Y","XHIBIT",01-APR-09 15:25:56,"XHIBIT",01-APR-09 15:25:56,1
695,74,"Jury Room","Y","XHIBIT",01-APR-09 15:25:56,"XHIBIT",01-APR-09 15:25:56,1
696,74,"Summary By Name","Y","XHIBIT",01-APR-09 15:25:56,"XHIBIT",01-APR-09 15:25:56,1
697,74,"Status","Y","XHIBIT",01-APR-09 15:25:56,"XHIBIT",01-APR-09 15:25:56,1
698,74,"Daily List","Y","XHIBIT",01-APR-09 15:25:56,"XHIBIT",01-APR-09 15:25:56,1
699,74,"All Lists","Y","XHIBIT",01-APR-09 15:25:56,"XHIBIT",01-APR-09 15:25:56,1
145,12,"Summary Slow","N","XHIBIT",01-APR-09 15:25:56,"XHIBIT",01-APR-09 15:25:56,1
601,65,"Public View","Y","XHIBIT",01-APR-09 15:25:56,"XHIBIT",01-APR-09 15:25:56,1
602,65,"Court Room","Y","XHIBIT",01-APR-09 15:25:56,"XHIBIT",01-APR-09 15:25:56,1
603,65,"Jury Room","Y","XHIBIT",01-APR-09 15:25:56,"XHIBIT",01-APR-09 15:25:56,1
604,65,"Summary By Name","Y","XHIBIT",01-APR-09 15:25:56,"XHIBIT",01-APR-09 15:25:56,1
605,65,"Status","Y","XHIBIT",01-APR-09 15:25:56,"XHIBIT",01-APR-09 15:25:56,1
606,65,"Daily List","Y","XHIBIT",01-APR-09 15:25:56,"XHIBIT",01-APR-09 15:25:56,1
607,65,"All Lists","Y","XHIBIT",01-APR-09 15:25:56,"XHIBIT",01-APR-09 15:25:56,1
753,77,"Public View","Y","XHIBIT",01-APR-09 15:25:56,"XHIBIT",01-APR-09 15:25:56,1
754,77,"Court Room","Y","XHIBIT",01-APR-09 15:25:56,"XHIBIT",01-APR-09 15:25:56,1
755,77,"Jury Room","Y","XHIBIT",01-APR-09 15:25:56,"XHIBIT",01-APR-09 15:25:56,1
756,77,"Summary By Name","Y","XHIBIT",01-APR-09 15:25:56,"XHIBIT",01-APR-09 15:25:56,1
757,77,"Status","Y","XHIBIT",01-APR-09 15:25:56,"XHIBIT",01-APR-09 15:25:56,1
758,77,"Daily List","Y","XHIBIT",01-APR-09 15:25:56,"XHIBIT",01-APR-09 15:25:56,1
759,77,"All Lists","Y","XHIBIT",01-APR-09 15:25:56,"XHIBIT",01-APR-09 15:25:56,1
105,10,"Courtroom Quick","N","XHIBIT",01-APR-09 15:25:56,"XHIBIT",01-APR-09 15:25:56,1
146,13,"Taunton Court","N","XHIBIT",01-APR-09 15:25:56,"XHIBIT",01-APR-09 15:25:56,1
490,51,"All Case Status(Public)","N","XHIBIT",01-APR-09 15:25:56,"XHIBIT",01-APR-09 15:25:56,1
557,61,"Public View","Y","XHIBIT",01-APR-09 15:25:56,"XHIBIT",01-APR-09 15:25:56,1
558,61,"Court Room","Y","XHIBIT",01-APR-09 15:25:56,"XHIBIT",01-APR-09 15:25:56,1
559,61,"Jury Room","Y","XHIBIT",01-APR-09 15:25:56,"XHIBIT",01-APR-09 15:25:56,1
560,61,"Summary By Name","Y","XHIBIT",01-APR-09 15:25:56,"XHIBIT",01-APR-09 15:25:56,1
561,61,"Status","Y","XHIBIT",01-APR-09 15:25:56,"XHIBIT",01-APR-09 15:25:56,1
562,61,"Daily List","Y","XHIBIT",01-APR-09 15:25:56,"XHIBIT",01-APR-09 15:25:56,1
563,61,"All Lists","Y","XHIBIT",01-APR-09 15:25:56,"XHIBIT",01-APR-09 15:25:56,1
637,67,"Grimsby all case status","N","XHIBIT",01-APR-09 15:25:56,"XHIBIT",01-APR-09 15:25:56,1
770,76,"Jury Room English","N","XHIBIT",01-APR-09 15:25:56,"XHIBIT",01-APR-09 15:25:56,1
161,17,"Court Room","Y","XHIBIT",01-APR-09 15:25:56,"XHIBIT",01-APR-09 15:25:56,1
158,15,"Preston Court","N","XHIBIT",01-APR-09 15:25:56,"XHIBIT",01-APR-09 15:25:56,1
160,17,"Public View","Y","XHIBIT",01-APR-09 15:25:56,"XHIBIT",01-APR-09 15:25:56,1
162,17,"Jury Room","Y","XHIBIT",01-APR-09 15:25:56,"XHIBIT",01-APR-09 15:25:56,1
163,17,"Summary By Name","Y","XHIBIT",01-APR-09 15:25:56,"XHIBIT",01-APR-09 15:25:56,1
164,17,"Status","Y","XHIBIT",01-APR-09 15:25:56,"XHIBIT",01-APR-09 15:25:56,1
165,17,"Daily List","Y","XHIBIT",01-APR-09 15:25:56,"XHIBIT",01-APR-09 15:25:56,1
166,17,"All Lists","Y","XHIBIT",01-APR-09 15:25:56,"XHIBIT",01-APR-09 15:25:56,1
206,20,"Robing-room","N","XHIBIT",01-APR-09 15:25:56,"XHIBIT",01-APR-09 15:25:56,1
300,32,"Public View","Y","XHIBIT",01-APR-09 15:25:56,"XHIBIT",01-APR-09 15:25:56,1
301,32,"Court Room","Y","XHIBIT",01-APR-09 15:25:56,"XHIBIT",01-APR-09 15:25:56,1
302,32,"Jury Room","Y","XHIBIT",01-APR-09 15:25:56,"XHIBIT",01-APR-09 15:25:56,1
303,32,"Summary By Name","Y","XHIBIT",01-APR-09 15:25:56,"XHIBIT",01-APR-09 15:25:56,1
304,32,"Status","Y","XHIBIT",01-APR-09 15:25:56,"XHIBIT",01-APR-09 15:25:56,1
305,32,"Daily List","Y","XHIBIT",01-APR-09 15:25:56,"XHIBIT",01-APR-09 15:25:56,1
306,32,"All Lists","Y","XHIBIT",01-APR-09 15:25:56,"XHIBIT",01-APR-09 15:25:56,1
307,33,"Public View","Y","XHIBIT",01-APR-09 15:25:56,"XHIBIT",01-APR-09 15:25:56,1
308,33,"Court Room","Y","XHIBIT",01-APR-09 15:25:56,"XHIBIT",01-APR-09 15:25:56,1
309,33,"Jury Room","Y","XHIBIT",01-APR-09 15:25:56,"XHIBIT",01-APR-09 15:25:56,1
