"CONFIGURED_PUBLIC_NOTICE_ID","IS_ACTIVE","COURT_ROOM_ID","PUBLIC_NOTICE_ID","LAST_UPDATE_DATE","CREATION_DATE","CREATED_BY","LAST_UPDATED_BY","VERSION"
9479,"0",8125,809,12-MAY-09 15:56:44,12-MAY-09 15:56:44,"XHIBIT","XHIBIT",1
9480,"0",8125,810,12-MAY-09 15:56:44,12-MAY-09 15:56:44,"XHIBIT","XHIBIT",1
10010,"0",990,549,25-APR-12 14:07:25,25-APR-12 14:07:25,"XHIBIT","XHIBIT",1
10011,"0",990,550,25-APR-12 14:07:25,25-APR-12 14:07:25,"XHIBIT","XHIBIT",1
9772,"0",165,111,24-APR-12 10:04:47,24-APR-12 10:04:47,"XHIBIT","XHIBIT",1
9773,"0",165,112,24-APR-12 10:04:48,24-APR-12 10:04:48,"XHIBIT","XHIBIT",1
9774,"0",165,113,24-APR-12 10:04:48,24-APR-12 10:04:48,"XHIBIT","XHIBIT",1
9775,"0",165,114,24-APR-12 10:04:48,24-APR-12 10:04:48,"XHIBIT","XHIBIT",1
9776,"0",165,115,24-APR-12 10:04:48,24-APR-12 10:04:48,"XHIBIT","XHIBIT",1
9777,"0",165,116,24-APR-12 10:04:48,24-APR-12 10:04:48,"XHIBIT","XHIBIT",1
9778,"0",165,117,24-APR-12 10:04:48,24-APR-12 10:04:48,"XHIBIT","XHIBIT",1
9779,"0",165,118,24-APR-12 10:04:48,24-APR-12 10:04:48,"XHIBIT","XHIBIT",1
9780,"0",165,119,24-APR-12 10:04:48,24-APR-12 10:04:48,"XHIBIT","XHIBIT",1
9781,"0",165,120,24-APR-12 10:04:48,24-APR-12 10:04:48,"XHIBIT","XHIBIT",1
9782,"0",166,111,24-APR-12 10:04:48,24-APR-12 10:04:48,"XHIBIT","XHIBIT",1
9783,"0",166,112,24-APR-12 10:04:48,24-APR-12 10:04:48,"XHIBIT","XHIBIT",1
9784,"0",166,113,24-APR-12 10:04:48,24-APR-12 10:04:48,"XHIBIT","XHIBIT",1
9785,"0",166,114,24-APR-12 10:04:48,24-APR-12 10:04:48,"XHIBIT","XHIBIT",1
9786,"0",166,115,24-APR-12 10:04:48,24-APR-12 10:04:48,"XHIBIT","XHIBIT",1
9787,"0",166,116,24-APR-12 10:04:48,24-APR-12 10:04:48,"XHIBIT","XHIBIT",1
9788,"0",166,117,24-APR-12 10:04:48,24-APR-12 10:04:48,"XHIBIT","XHIBIT",1
9789,"0",166,118,24-APR-12 10:04:48,24-APR-12 10:04:48,"XHIBIT","XHIBIT",1
9790,"0",166,119,24-APR-12 10:04:48,24-APR-12 10:04:48,"XHIBIT","XHIBIT",1
9791,"0",166,120,24-APR-12 10:04:48,24-APR-12 10:04:48,"XHIBIT","XHIBIT",1
9792,"0",167,111,24-APR-12 10:04:48,24-APR-12 10:04:48,"XHIBIT","XHIBIT",1
9793,"0",167,112,24-APR-12 10:04:48,24-APR-12 10:04:48,"XHIBIT","XHIBIT",1
9794,"0",167,113,24-APR-12 10:04:48,24-APR-12 10:04:48,"XHIBIT","XHIBIT",1
9795,"0",167,114,24-APR-12 10:04:48,24-APR-12 10:04:48,"XHIBIT","XHIBIT",1
9796,"0",167,115,24-APR-12 10:04:48,24-APR-12 10:04:48,"XHIBIT","XHIBIT",1
9797,"0",167,116,24-APR-12 10:04:48,24-APR-12 10:04:48,"XHIBIT","XHIBIT",1
9798,"0",167,117,24-APR-12 10:04:48,24-APR-12 10:04:48,"XHIBIT","XHIBIT",1
9799,"0",167,118,24-APR-12 10:04:48,24-APR-12 10:04:48,"XHIBIT","XHIBIT",1
9800,"0",167,119,24-APR-12 10:04:48,24-APR-12 10:04:48,"XHIBIT","XHIBIT",1
9801,"0",167,120,24-APR-12 10:04:48,24-APR-12 10:04:48,"XHIBIT","XHIBIT",1
9802,"0",168,111,24-APR-12 10:04:48,24-APR-12 10:04:48,"XHIBIT","XHIBIT",1
9803,"0",168,112,24-APR-12 10:04:48,24-APR-12 10:04:48,"XHIBIT","XHIBIT",1
9804,"0",168,113,24-APR-12 10:04:48,24-APR-12 10:04:48,"XHIBIT","XHIBIT",1
9805,"0",168,114,24-APR-12 10:04:48,24-APR-12 10:04:48,"XHIBIT","XHIBIT",1
9806,"0",168,115,24-APR-12 10:04:48,24-APR-12 10:04:48,"XHIBIT","XHIBIT",1
9807,"0",168,116,24-APR-12 10:04:48,24-APR-12 10:04:48,"XHIBIT","XHIBIT",1
9808,"0",168,117,24-APR-12 10:04:48,24-APR-12 10:04:48,"XHIBIT","XHIBIT",1
9809,"0",168,118,24-APR-12 10:04:48,24-APR-12 10:04:48,"XHIBIT","XHIBIT",1
9810,"0",168,119,24-APR-12 10:04:48,24-APR-12 10:04:48,"XHIBIT","XHIBIT",1
9811,"0",168,120,24-APR-12 10:04:48,24-APR-12 10:04:48,"XHIBIT","XHIBIT",1
9812,"0",169,111,24-APR-12 10:04:48,24-APR-12 10:04:48,"XHIBIT","XHIBIT",1
9813,"0",169,112,24-APR-12 10:04:48,24-APR-12 10:04:48,"XHIBIT","XHIBIT",1
9814,"0",169,113,24-APR-12 10:04:48,24-APR-12 10:04:48,"XHIBIT","XHIBIT",1
9815,"0",169,114,24-APR-12 10:04:48,24-APR-12 10:04:48,"XHIBIT","XHIBIT",1
9816,"0",169,115,24-APR-12 10:04:48,24-APR-12 10:04:48,"XHIBIT","XHIBIT",1
9817,"0",169,116,24-APR-12 10:04:48,24-APR-12 10:04:48,"XHIBIT","XHIBIT",1
9818,"0",169,117,24-APR-12 10:04:48,24-APR-12 10:04:48,"XHIBIT","XHIBIT",1
9819,"0",169,118,24-APR-12 10:04:48,24-APR-12 10:04:48,"XHIBIT","XHIBIT",1
9820,"0",169,119,24-APR-12 10:04:48,24-APR-12 10:04:48,"XHIBIT","XHIBIT",1
9821,"0",169,120,24-APR-12 10:04:48,24-APR-12 10:04:48,"XHIBIT","XHIBIT",1
9822,"0",170,111,24-APR-12 10:04:48,24-APR-12 10:04:48,"XHIBIT","XHIBIT",1
9823,"0",170,112,24-APR-12 10:04:48,24-APR-12 10:04:48,"XHIBIT","XHIBIT",1
9824,"0",170,113,24-APR-12 10:04:48,24-APR-12 10:04:48,"XHIBIT","XHIBIT",1
9825,"0",170,114,24-APR-12 10:04:48,24-APR-12 10:04:48,"XHIBIT","XHIBIT",1
9826,"0",170,115,24-APR-12 10:04:48,24-APR-12 10:04:48,"XHIBIT","XHIBIT",1
9827,"0",170,116,24-APR-12 10:04:48,24-APR-12 10:04:48,"XHIBIT","XHIBIT",1
9828,"0",170,117,24-APR-12 10:04:48,24-APR-12 10:04:48,"XHIBIT","XHIBIT",1
9829,"0",170,118,24-APR-12 10:04:48,24-APR-12 10:04:48,"XHIBIT","XHIBIT",1
9830,"0",170,119,24-APR-12 10:04:48,24-APR-12 10:04:48,"XHIBIT","XHIBIT",1
9831,"0",170,120,24-APR-12 10:04:48,24-APR-12 10:04:48,"XHIBIT","XHIBIT",1
9832,"0",171,111,24-APR-12 10:04:48,24-APR-12 10:04:48,"XHIBIT","XHIBIT",1
9833,"0",171,112,24-APR-12 10:04:48,24-APR-12 10:04:48,"XHIBIT","XHIBIT",1
9834,"0",171,113,24-APR-12 10:04:49,24-APR-12 10:04:49,"XHIBIT","XHIBIT",1
9835,"0",171,114,24-APR-12 10:04:49,24-APR-12 10:04:49,"XHIBIT","XHIBIT",1
9836,"0",171,115,24-APR-12 10:04:49,24-APR-12 10:04:49,"XHIBIT","XHIBIT",1
9837,"0",171,116,24-APR-12 10:04:49,24-APR-12 10:04:49,"XHIBIT","XHIBIT",1
9838,"0",171,117,24-APR-12 10:04:49,24-APR-12 10:04:49,"XHIBIT","XHIBIT",1
9839,"0",171,118,24-APR-12 10:04:49,24-APR-12 10:04:49,"XHIBIT","XHIBIT",1
9840,"0",171,119,24-APR-12 10:04:49,24-APR-12 10:04:49,"XHIBIT","XHIBIT",1
9841,"0",171,120,24-APR-12 10:04:49,24-APR-12 10:04:49,"XHIBIT","XHIBIT",1
9842,"0",172,111,24-APR-12 10:04:49,24-APR-12 10:04:49,"XHIBIT","XHIBIT",1
9843,"0",172,112,24-APR-12 10:04:49,24-APR-12 10:04:49,"XHIBIT","XHIBIT",1
9844,"0",172,113,24-APR-12 10:04:49,24-APR-12 10:04:49,"XHIBIT","XHIBIT",1
9845,"0",172,114,24-APR-12 10:04:49,24-APR-12 10:04:49,"XHIBIT","XHIBIT",1
9846,"0",172,115,24-APR-12 10:04:49,24-APR-12 10:04:49,"XHIBIT","XHIBIT",1
9847,"0",172,116,24-APR-12 10:04:49,24-APR-12 10:04:49,"XHIBIT","XHIBIT",1
9848,"0",172,117,24-APR-12 10:04:49,24-APR-12 10:04:49,"XHIBIT","XHIBIT",1
9849,"0",172,118,24-APR-12 10:04:49,24-APR-12 10:04:49,"XHIBIT","XHIBIT",1
9850,"0",172,119,24-APR-12 10:04:49,24-APR-12 10:04:49,"XHIBIT","XHIBIT",1
9851,"0",172,120,24-APR-12 10:04:49,24-APR-12 10:04:49,"XHIBIT","XHIBIT",1
9852,"0",173,111,24-APR-12 10:04:49,24-APR-12 10:04:49,"XHIBIT","XHIBIT",1
9853,"0",173,112,24-APR-12 10:04:49,24-APR-12 10:04:49,"XHIBIT","XHIBIT",1
9854,"0",173,113,24-APR-12 10:04:49,24-APR-12 10:04:49,"XHIBIT","XHIBIT",1
9855,"0",173,114,24-APR-12 10:04:49,24-APR-12 10:04:49,"XHIBIT","XHIBIT",1
9856,"0",173,115,24-APR-12 10:04:49,24-APR-12 10:04:49,"XHIBIT","XHIBIT",1
9857,"0",173,116,24-APR-12 10:04:49,24-APR-12 10:04:49,"XHIBIT","XHIBIT",1
9858,"0",173,117,24-APR-12 10:04:49,24-APR-12 10:04:49,"XHIBIT","XHIBIT",1
9859,"0",173,118,24-APR-12 10:04:49,24-APR-12 10:04:49,"XHIBIT","XHIBIT",1
9860,"0",173,119,24-APR-12 10:04:49,24-APR-12 10:04:49,"XHIBIT","XHIBIT",1
9861,"0",173,120,24-APR-12 10:04:49,24-APR-12 10:04:49,"XHIBIT","XHIBIT",1
9862,"0",174,111,24-APR-12 10:04:49,24-APR-12 10:04:49,"XHIBIT","XHIBIT",1
9863,"0",174,112,24-APR-12 10:04:49,24-APR-12 10:04:49,"XHIBIT","XHIBIT",1
9864,"0",174,113,24-APR-12 10:04:49,24-APR-12 10:04:49,"XHIBIT","XHIBIT",1
9865,"0",174,114,24-APR-12 10:04:49,24-APR-12 10:04:49,"XHIBIT","XHIBIT",1
9866,"0",174,115,24-APR-12 10:04:49,24-APR-12 10:04:49,"XHIBIT","XHIBIT",1
9867,"0",174,116,24-APR-12 10:04:49,24-APR-12 10:04:49,"XHIBIT","XHIBIT",1
9868,"0",174,117,24-APR-12 10:04:49,24-APR-12 10:04:49,"XHIBIT","XHIBIT",1
9869,"0",174,118,24-APR-12 10:04:49,24-APR-12 10:04:49,"XHIBIT","XHIBIT",1
9870,"0",174,119,24-APR-12 10:04:49,24-APR-12 10:04:49,"XHIBIT","XHIBIT",1
9871,"0",174,120,24-APR-12 10:04:49,24-APR-12 10:04:49,"XHIBIT","XHIBIT",1
9872,"0",1555,111,24-APR-12 10:04:49,24-APR-12 10:04:49,"XHIBIT","XHIBIT",1
9873,"0",1555,112,24-APR-12 10:04:49,24-APR-12 10:04:49,"XHIBIT","XHIBIT",1
9874,"0",1555,113,24-APR-12 10:04:49,24-APR-12 10:04:49,"XHIBIT","XHIBIT",1
9875,"0",1555,114,24-APR-12 10:04:49,24-APR-12 10:04:49,"XHIBIT","XHIBIT",1
9876,"0",1555,115,24-APR-12 10:04:49,24-APR-12 10:04:49,"XHIBIT","XHIBIT",1
9877,"0",1555,116,24-APR-12 10:04:49,24-APR-12 10:04:49,"XHIBIT","XHIBIT",1
9878,"0",1555,117,24-APR-12 10:04:49,24-APR-12 10:04:49,"XHIBIT","XHIBIT",1
9879,"0",1555,118,24-APR-12 10:04:49,24-APR-12 10:04:49,"XHIBIT","XHIBIT",1
9880,"0",1555,119,24-APR-12 10:04:49,24-APR-12 10:04:49,"XHIBIT","XHIBIT",1
9881,"0",1555,120,24-APR-12 10:04:49,24-APR-12 10:04:49,"XHIBIT","XHIBIT",1
9481,"0",8126,801,12-MAY-09 15:56:44,12-MAY-09 15:56:44,"XHIBIT","XHIBIT",1
9482,"0",8126,802,12-MAY-09 15:56:44,12-MAY-09 15:56:44,"XHIBIT","XHIBIT",1
9483,"0",8126,803,12-MAY-09 15:56:44,12-MAY-09 15:56:44,"XHIBIT","XHIBIT",1
9484,"0",8126,804,12-MAY-09 15:56:44,12-MAY-09 15:56:44,"XHIBIT","XHIBIT",1
9485,"0",8126,805,12-MAY-09 15:56:44,12-MAY-09 15:56:44,"XHIBIT","XHIBIT",1
9486,"0",8126,806,12-MAY-09 15:56:44,12-MAY-09 15:56:44,"XHIBIT","XHIBIT",1
9487,"0",8126,807,12-MAY-09 15:56:44,12-MAY-09 15:56:44,"XHIBIT","XHIBIT",1
9488,"0",8126,808,12-MAY-09 15:56:44,12-MAY-09 15:56:44,"XHIBIT","XHIBIT",1
9489,"0",8126,809,12-MAY-09 15:56:44,12-MAY-09 15:56:44,"XHIBIT","XHIBIT",1
9490,"0",8126,810,12-MAY-09 15:56:44,12-MAY-09 15:56:44,"XHIBIT","XHIBIT",1
9491,"0",8127,801,12-MAY-09 15:56:44,12-MAY-09 15:56:44,"XHIBIT","XHIBIT",1
9492,"0",8127,802,12-MAY-09 15:56:44,12-MAY-09 15:56:44,"XHIBIT","XHIBIT",1
9493,"0",8127,803,12-MAY-09 15:56:44,12-MAY-09 15:56:44,"XHIBIT","XHIBIT",1
9494,"0",8127,804,12-MAY-09 15:56:44,12-MAY-09 15:56:44,"XHIBIT","XHIBIT",1
9495,"0",8127,805,12-MAY-09 15:56:44,12-MAY-09 15:56:44,"XHIBIT","XHIBIT",1
9496,"0",8127,806,12-MAY-09 15:56:44,12-MAY-09 15:56:44,"XHIBIT","XHIBIT",1
9497,"0",8127,807,12-MAY-09 15:56:44,12-MAY-09 15:56:44,"XHIBIT","XHIBIT",1
9498,"0",8127,808,12-MAY-09 15:56:44,12-MAY-09 15:56:44,"XHIBIT","XHIBIT",1
9499,"0",8127,809,12-MAY-09 15:56:44,12-MAY-09 15:56:44,"XHIBIT","XHIBIT",1
9500,"0",8127,810,12-MAY-09 15:56:44,12-MAY-09 15:56:44,"XHIBIT","XHIBIT",1
9501,"0",8128,801,12-MAY-09 15:56:44,12-MAY-09 15:56:44,"XHIBIT","XHIBIT",1
9502,"0",8128,802,12-MAY-09 15:56:44,12-MAY-09 15:56:44,"XHIBIT","XHIBIT",1
9503,"0",8128,803,12-MAY-09 15:56:44,12-MAY-09 15:56:44,"XHIBIT","XHIBIT",1
9504,"0",8128,804,12-MAY-09 15:56:44,12-MAY-09 15:56:44,"XHIBIT","XHIBIT",1
9505,"0",8128,805,12-MAY-09 15:56:44,12-MAY-09 15:56:44,"XHIBIT","XHIBIT",1
9506,"0",8128,806,12-MAY-09 15:56:44,12-MAY-09 15:56:44,"XHIBIT","XHIBIT",1
9507,"0",8128,807,12-MAY-09 15:56:44,12-MAY-09 15:56:44,"XHIBIT","XHIBIT",1
9508,"0",8128,808,12-MAY-09 15:56:44,12-MAY-09 15:56:44,"XHIBIT","XHIBIT",1
9509,"0",8128,809,12-MAY-09 15:56:44,12-MAY-09 15:56:44,"XHIBIT","XHIBIT",1
9510,"0",8128,810,12-MAY-09 15:56:44,12-MAY-09 15:56:44,"XHIBIT","XHIBIT",1
9511,"0",8129,801,12-MAY-09 15:56:44,12-MAY-09 15:56:44,"XHIBIT","XHIBIT",1
9512,"0",8129,802,12-MAY-09 15:56:44,12-MAY-09 15:56:44,"XHIBIT","XHIBIT",1
9513,"0",8129,803,12-MAY-09 15:56:44,12-MAY-09 15:56:44,"XHIBIT","XHIBIT",1
9514,"0",8129,804,12-MAY-09 15:56:44,12-MAY-09 15:56:44,"XHIBIT","XHIBIT",1
9515,"0",8129,805,12-MAY-09 15:56:44,12-MAY-09 15:56:44,"XHIBIT","XHIBIT",1
9516,"0",8129,806,12-MAY-09 15:56:45,12-MAY-09 15:56:45,"XHIBIT","XHIBIT",1
9517,"0",8129,807,12-MAY-09 15:56:45,12-MAY-09 15:56:45,"XHIBIT","XHIBIT",1
9518,"0",8129,808,12-MAY-09 15:56:45,12-MAY-09 15:56:45,"XHIBIT","XHIBIT",1
9519,"0",8129,809,12-MAY-09 15:56:45,12-MAY-09 15:56:45,"XHIBIT","XHIBIT",1
9520,"0",8129,810,12-MAY-09 15:56:45,12-MAY-09 15:56:45,"XHIBIT","XHIBIT",1
9521,"0",8130,801,12-MAY-09 15:56:45,12-MAY-09 15:56:45,"XHIBIT","XHIBIT",1
9522,"0",8130,802,12-MAY-09 15:56:45,12-MAY-09 15:56:45,"XHIBIT","XHIBIT",1
9523,"0",8130,803,12-MAY-09 15:56:45,12-MAY-09 15:56:45,"XHIBIT","XHIBIT",1
9524,"0",8130,804,12-MAY-09 15:56:45,12-MAY-09 15:56:45,"XHIBIT","XHIBIT",1
9525,"0",8130,805,12-MAY-09 15:56:45,12-MAY-09 15:56:45,"XHIBIT","XHIBIT",1
9526,"0",8130,806,12-MAY-09 15:56:45,12-MAY-09 15:56:45,"XHIBIT","XHIBIT",1
9527,"0",8130,807,12-MAY-09 15:56:45,12-MAY-09 15:56:45,"XHIBIT","XHIBIT",1
9528,"0",8130,808,12-MAY-09 15:56:45,12-MAY-09 15:56:45,"XHIBIT","XHIBIT",1
9529,"0",8130,809,12-MAY-09 15:56:45,12-MAY-09 15:56:45,"XHIBIT","XHIBIT",1
9530,"0",8130,810,12-MAY-09 15:56:45,12-MAY-09 15:56:45,"XHIBIT","XHIBIT",1
9531,"0",8131,801,12-MAY-09 15:56:45,12-MAY-09 15:56:45,"XHIBIT","XHIBIT",1
9532,"0",8131,802,12-MAY-09 15:56:45,12-MAY-09 15:56:45,"XHIBIT","XHIBIT",1
9533,"0",8131,803,12-MAY-09 15:56:45,12-MAY-09 15:56:45,"XHIBIT","XHIBIT",1
9534,"0",8131,804,12-MAY-09 15:56:45,12-MAY-09 15:56:45,"XHIBIT","XHIBIT",1
9535,"0",8131,805,12-MAY-09 15:56:45,12-MAY-09 15:56:45,"XHIBIT","XHIBIT",1
9536,"0",8131,806,12-MAY-09 15:56:45,12-MAY-09 15:56:45,"XHIBIT","XHIBIT",1
9537,"0",8131,807,12-MAY-09 15:56:45,12-MAY-09 15:56:45,"XHIBIT","XHIBIT",1
9538,"0",8131,808,12-MAY-09 15:56:45,12-MAY-09 15:56:45,"XHIBIT","XHIBIT",1
9539,"0",8131,809,12-MAY-09 15:56:45,12-MAY-09 15:56:45,"XHIBIT","XHIBIT",1
9540,"0",8131,810,12-MAY-09 15:56:45,12-MAY-09 15:56:45,"XHIBIT","XHIBIT",1
9541,"0",8132,801,12-MAY-09 15:56:45,12-MAY-09 15:56:45,"XHIBIT","XHIBIT",1
9542,"0",8132,802,12-MAY-09 15:56:45,12-MAY-09 15:56:45,"XHIBIT","XHIBIT",1
9543,"0",8132,803,12-MAY-09 15:56:45,12-MAY-09 15:56:45,"XHIBIT","XHIBIT",1
9544,"0",8132,804,12-MAY-09 15:56:45,12-MAY-09 15:56:45,"XHIBIT","XHIBIT",1
9545,"0",8132,805,12-MAY-09 15:56:45,12-MAY-09 15:56:45,"XHIBIT","XHIBIT",1
9546,"0",8132,806,12-MAY-09 15:56:45,12-MAY-09 15:56:45,"XHIBIT","XHIBIT",1
9547,"0",8132,807,12-MAY-09 15:56:45,12-MAY-09 15:56:45,"XHIBIT","XHIBIT",1
9548,"0",8132,808,12-MAY-09 15:56:45,12-MAY-09 15:56:45,"XHIBIT","XHIBIT",1
9549,"0",8132,809,12-MAY-09 15:56:45,12-MAY-09 15:56:45,"XHIBIT","XHIBIT",1
9550,"0",8132,810,12-MAY-09 15:56:45,12-MAY-09 15:56:45,"XHIBIT","XHIBIT",1
9692,"0",8104,791,20-MAY-11 16:20:04,20-MAY-11 16:20:04,"XHIBIT","XHIBIT",1
9693,"0",8104,792,20-MAY-11 16:20:04,20-MAY-11 16:20:04,"XHIBIT","XHIBIT",1
9694,"0",8104,793,20-MAY-11 16:20:04,20-MAY-11 16:20:04,"XHIBIT","XHIBIT",1
9695,"0",8104,794,20-MAY-11 16:20:04,20-MAY-11 16:20:04,"XHIBIT","XHIBIT",1
9696,"0",8104,795,20-MAY-11 16:20:04,20-MAY-11 16:20:04,"XHIBIT","XHIBIT",1
9697,"0",8104,796,20-MAY-11 16:20:04,20-MAY-11 16:20:04,"XHIBIT","XHIBIT",1
9698,"0",8104,797,20-MAY-11 16:20:04,20-MAY-11 16:20:04,"XHIBIT","XHIBIT",1
9699,"0",8104,798,20-MAY-11 16:20:04,20-MAY-11 16:20:04,"XHIBIT","XHIBIT",1
9700,"0",8104,799,20-MAY-11 16:20:04,20-MAY-11 16:20:04,"XHIBIT","XHIBIT",1
9701,"1",8104,800,20-MAY-11 16:20:04,20-MAY-11 16:20:04,"XHIBIT","XHIBIT",1
9702,"0",8105,791,20-MAY-11 16:20:04,20-MAY-11 16:20:04,"XHIBIT","XHIBIT",1
9703,"0",8105,792,20-MAY-11 16:20:04,20-MAY-11 16:20:04,"XHIBIT","XHIBIT",1
9704,"0",8105,793,20-MAY-11 16:20:04,20-MAY-11 16:20:04,"XHIBIT","XHIBIT",1
9705,"0",8105,794,20-MAY-11 16:20:04,20-MAY-11 16:20:04,"XHIBIT","XHIBIT",1
9706,"0",8105,795,20-MAY-11 16:20:04,20-MAY-11 16:20:04,"XHIBIT","XHIBIT",1
9707,"0",8105,796,20-MAY-11 16:20:04,20-MAY-11 16:20:04,"XHIBIT","XHIBIT",1
9708,"0",8105,797,20-MAY-11 16:20:04,20-MAY-11 16:20:04,"XHIBIT","XHIBIT",1
9709,"0",8105,798,20-MAY-11 16:20:04,20-MAY-11 16:20:04,"XHIBIT","XHIBIT",1
9710,"0",8105,799,20-MAY-11 16:20:04,20-MAY-11 16:20:04,"XHIBIT","XHIBIT",1
9711,"0",8105,800,20-MAY-11 16:20:04,20-MAY-11 16:20:04,"XHIBIT","XHIBIT",1
9712,"0",8106,791,20-MAY-11 16:20:04,20-MAY-11 16:20:04,"XHIBIT","XHIBIT",1
9713,"0",8106,792,20-MAY-11 16:20:04,20-MAY-11 16:20:04,"XHIBIT","XHIBIT",1
9714,"0",8106,793,20-MAY-11 16:20:05,20-MAY-11 16:20:05,"XHIBIT","XHIBIT",1
9715,"0",8106,794,20-MAY-11 16:20:05,20-MAY-11 16:20:05,"XHIBIT","XHIBIT",1
9716,"0",8106,795,20-MAY-11 16:20:05,20-MAY-11 16:20:05,"XHIBIT","XHIBIT",1
9717,"0",8106,796,20-MAY-11 16:20:05,20-MAY-11 16:20:05,"XHIBIT","XHIBIT",1
9718,"0",8106,797,20-MAY-11 16:20:05,20-MAY-11 16:20:05,"XHIBIT","XHIBIT",1
9719,"0",8106,798,20-MAY-11 16:20:05,20-MAY-11 16:20:05,"XHIBIT","XHIBIT",1
9720,"0",8106,799,20-MAY-11 16:20:05,20-MAY-11 16:20:05,"XHIBIT","XHIBIT",1
9721,"0",8106,800,20-MAY-11 16:20:05,20-MAY-11 16:20:05,"XHIBIT","XHIBIT",1
9722,"0",8107,791,20-MAY-11 16:20:05,20-MAY-11 16:20:05,"XHIBIT","XHIBIT",1
9723,"0",8107,792,20-MAY-11 16:20:05,20-MAY-11 16:20:05,"XHIBIT","XHIBIT",1
9724,"0",8107,793,20-MAY-11 16:20:05,20-MAY-11 16:20:05,"XHIBIT","XHIBIT",1
9725,"0",8107,794,20-MAY-11 16:20:05,20-MAY-11 16:20:05,"XHIBIT","XHIBIT",1
9726,"0",8107,795,20-MAY-11 16:20:05,20-MAY-11 16:20:05,"XHIBIT","XHIBIT",1
9727,"0",8107,796,20-MAY-11 16:20:05,20-MAY-11 16:20:05,"XHIBIT","XHIBIT",1
9728,"0",8107,797,20-MAY-11 16:20:05,20-MAY-11 16:20:05,"XHIBIT","XHIBIT",1
9729,"0",8107,798,20-MAY-11 16:20:05,20-MAY-11 16:20:05,"XHIBIT","XHIBIT",1
9730,"0",8107,799,20-MAY-11 16:20:05,20-MAY-11 16:20:05,"XHIBIT","XHIBIT",1
9731,"0",8107,800,20-MAY-11 16:20:05,20-MAY-11 16:20:05,"XHIBIT","XHIBIT",1
9732,"0",8108,791,20-MAY-11 16:20:05,20-MAY-11 16:20:05,"XHIBIT","XHIBIT",1
9733,"0",8108,792,20-MAY-11 16:20:05,20-MAY-11 16:20:05,"XHIBIT","XHIBIT",1
9734,"0",8108,793,20-MAY-11 16:20:05,20-MAY-11 16:20:05,"XHIBIT","XHIBIT",1
9735,"0",8108,794,20-MAY-11 16:20:05,20-MAY-11 16:20:05,"XHIBIT","XHIBIT",1
9736,"0",8108,795,20-MAY-11 16:20:05,20-MAY-11 16:20:05,"XHIBIT","XHIBIT",1
9737,"0",8108,796,20-MAY-11 16:20:05,20-MAY-11 16:20:05,"XHIBIT","XHIBIT",1
9738,"0",8108,797,20-MAY-11 16:20:05,20-MAY-11 16:20:05,"XHIBIT","XHIBIT",1
9739,"0",8108,798,20-MAY-11 16:20:05,20-MAY-11 16:20:05,"XHIBIT","XHIBIT",1
9740,"0",8108,799,20-MAY-11 16:20:05,20-MAY-11 16:20:05,"XHIBIT","XHIBIT",1
9741,"0",8108,800,20-MAY-11 16:20:05,20-MAY-11 16:20:05,"XHIBIT","XHIBIT",1
9742,"0",8109,791,20-MAY-11 16:20:05,20-MAY-11 16:20:05,"XHIBIT","XHIBIT",1
9743,"0",8109,792,20-MAY-11 16:20:05,20-MAY-11 16:20:05,"XHIBIT","XHIBIT",1
9744,"0",8109,793,20-MAY-11 16:20:05,20-MAY-11 16:20:05,"XHIBIT","XHIBIT",1
9745,"0",8109,794,20-MAY-11 16:20:05,20-MAY-11 16:20:05,"XHIBIT","XHIBIT",1
9746,"0",8109,795,20-MAY-11 16:20:05,20-MAY-11 16:20:05,"XHIBIT","XHIBIT",1
9747,"0",8109,796,20-MAY-11 16:20:05,20-MAY-11 16:20:05,"XHIBIT","XHIBIT",1
9748,"0",8109,797,20-MAY-11 16:20:05,20-MAY-11 16:20:05,"XHIBIT","XHIBIT",1
9749,"0",8109,798,20-MAY-11 16:20:05,20-MAY-11 16:20:05,"XHIBIT","XHIBIT",1
9750,"0",8109,799,20-MAY-11 16:20:05,20-MAY-11 16:20:05,"XHIBIT","XHIBIT",1
9751,"0",8109,800,20-MAY-11 16:20:05,20-MAY-11 16:20:05,"XHIBIT","XHIBIT",1
9752,"0",8110,791,20-MAY-11 16:20:05,20-MAY-11 16:20:05,"XHIBIT","XHIBIT",1
9753,"0",8110,792,20-MAY-11 16:20:05,20-MAY-11 16:20:05,"XHIBIT","XHIBIT",1
9754,"0",8110,793,20-MAY-11 16:20:05,20-MAY-11 16:20:05,"XHIBIT","XHIBIT",1
9755,"0",8110,794,20-MAY-11 16:20:05,20-MAY-11 16:20:05,"XHIBIT","XHIBIT",1
9756,"0",8110,795,20-MAY-11 16:20:05,20-MAY-11 16:20:05,"XHIBIT","XHIBIT",1
9757,"0",8110,796,20-MAY-11 16:20:05,20-MAY-11 16:20:05,"XHIBIT","XHIBIT",1
9758,"0",8110,797,20-MAY-11 16:20:05,20-MAY-11 16:20:05,"XHIBIT","XHIBIT",1
9759,"0",8110,798,20-MAY-11 16:20:05,20-MAY-11 16:20:05,"XHIBIT","XHIBIT",1
9760,"0",8110,799,20-MAY-11 16:20:05,20-MAY-11 16:20:05,"XHIBIT","XHIBIT",1
9761,"0",8110,800,20-MAY-11 16:20:05,20-MAY-11 16:20:05,"XHIBIT","XHIBIT",1
9762,"0",8111,791,20-MAY-11 16:20:05,20-MAY-11 16:20:05,"XHIBIT","XHIBIT",1
9763,"0",8111,792,20-MAY-11 16:20:05,20-MAY-11 16:20:05,"XHIBIT","XHIBIT",1
9764,"0",8111,793,20-MAY-11 16:20:05,20-MAY-11 16:20:05,"XHIBIT","XHIBIT",1
9765,"0",8111,794,20-MAY-11 16:20:05,20-MAY-11 16:20:05,"XHIBIT","XHIBIT",1
9766,"0",8111,795,20-MAY-11 16:20:05,20-MAY-11 16:20:05,"XHIBIT","XHIBIT",1
9767,"0",8111,796,20-MAY-11 16:20:05,20-MAY-11 16:20:05,"XHIBIT","XHIBIT",1
9768,"0",8111,797,20-MAY-11 16:20:05,20-MAY-11 16:20:05,"XHIBIT","XHIBIT",1
9769,"0",8111,798,20-MAY-11 16:20:06,20-MAY-11 16:20:06,"XHIBIT","XHIBIT",1
9770,"0",8111,799,20-MAY-11 16:20:06,20-MAY-11 16:20:06,"XHIBIT","XHIBIT",1
9771,"0",8111,800,20-MAY-11 16:20:06,20-MAY-11 16:20:06,"XHIBIT","XHIBIT",1
9882,"0",978,541,25-APR-12 14:07:23,25-APR-12 14:07:23,"XHIBIT","XHIBIT",1
9883,"0",978,542,25-APR-12 14:07:23,25-APR-12 14:07:23,"XHIBIT","XHIBIT",1
9884,"0",978,543,25-APR-12 14:07:23,25-APR-12 14:07:23,"XHIBIT","XHIBIT",1
9885,"0",978,544,25-APR-12 14:07:23,25-APR-12 14:07:23,"XHIBIT","XHIBIT",1
9886,"0",978,545,25-APR-12 14:07:23,25-APR-12 14:07:23,"XHIBIT","XHIBIT",1
9887,"0",978,546,25-APR-12 14:07:23,25-APR-12 14:07:23,"XHIBIT","XHIBIT",1
9888,"0",978,547,25-APR-12 14:07:23,25-APR-12 14:07:23,"XHIBIT","XHIBIT",1
9889,"0",978,548,25-APR-12 14:07:23,25-APR-12 14:07:23,"XHIBIT","XHIBIT",1
9890,"0",978,549,25-APR-12 14:07:23,25-APR-12 14:07:23,"XHIBIT","XHIBIT",1
9891,"0",978,550,25-APR-12 14:07:23,25-APR-12 14:07:23,"XHIBIT","XHIBIT",1
9892,"0",979,541,25-APR-12 14:07:23,25-APR-12 14:07:23,"XHIBIT","XHIBIT",1
9893,"0",979,542,25-APR-12 14:07:23,25-APR-12 14:07:23,"XHIBIT","XHIBIT",1
9894,"0",979,543,25-APR-12 14:07:23,25-APR-12 14:07:23,"XHIBIT","XHIBIT",1
9895,"0",979,544,25-APR-12 14:07:23,25-APR-12 14:07:23,"XHIBIT","XHIBIT",1
9921,"0",981,550,25-APR-12 14:07:23,25-APR-12 14:07:23,"XHIBIT","XHIBIT",1
9922,"0",982,541,25-APR-12 14:07:23,25-APR-12 14:07:23,"XHIBIT","XHIBIT",1
9923,"0",982,542,25-APR-12 14:07:23,25-APR-12 14:07:23,"XHIBIT","XHIBIT",1
9924,"0",982,543,25-APR-12 14:07:24,25-APR-12 14:07:24,"XHIBIT","XHIBIT",1
9925,"0",982,544,25-APR-12 14:07:24,25-APR-12 14:07:24,"XHIBIT","XHIBIT",1
9926,"0",982,545,25-APR-12 14:07:24,25-APR-12 14:07:24,"XHIBIT","XHIBIT",1
9927,"0",982,546,25-APR-12 14:07:24,25-APR-12 14:07:24,"XHIBIT","XHIBIT",1
9928,"0",982,547,25-APR-12 14:07:24,25-APR-12 14:07:24,"XHIBIT","XHIBIT",1
9929,"0",982,548,25-APR-12 14:07:24,25-APR-12 14:07:24,"XHIBIT","XHIBIT",1
9930,"0",982,549,25-APR-12 14:07:24,25-APR-12 14:07:24,"XHIBIT","XHIBIT",1
9931,"0",982,550,25-APR-12 14:07:24,25-APR-12 14:07:24,"XHIBIT","XHIBIT",1
9932,"0",983,541,25-APR-12 14:07:24,25-APR-12 14:07:24,"XHIBIT","XHIBIT",1
9933,"0",983,542,25-APR-12 14:07:24,25-APR-12 14:07:24,"XHIBIT","XHIBIT",1
9934,"0",983,543,25-APR-12 14:07:24,25-APR-12 14:07:24,"XHIBIT","XHIBIT",1
9935,"0",983,544,25-APR-12 14:07:24,25-APR-12 14:07:24,"XHIBIT","XHIBIT",1
9936,"0",983,545,25-APR-12 14:07:24,25-APR-12 14:07:24,"XHIBIT","XHIBIT",1
9937,"0",983,546,25-APR-12 14:07:24,25-APR-12 14:07:24,"XHIBIT","XHIBIT",1
9938,"0",983,547,25-APR-12 14:07:24,25-APR-12 14:07:24,"XHIBIT","XHIBIT",1
9939,"0",983,548,25-APR-12 14:07:24,25-APR-12 14:07:24,"XHIBIT","XHIBIT",1
9940,"0",983,549,25-APR-12 14:07:24,25-APR-12 14:07:24,"XHIBIT","XHIBIT",1
9941,"0",983,550,25-APR-12 14:07:24,25-APR-12 14:07:24,"XHIBIT","XHIBIT",1
9942,"0",984,541,25-APR-12 14:07:24,25-APR-12 14:07:24,"XHIBIT","XHIBIT",1
9943,"0",984,542,25-APR-12 14:07:24,25-APR-12 14:07:24,"XHIBIT","XHIBIT",1
9944,"0",984,543,25-APR-12 14:07:24,25-APR-12 14:07:24,"XHIBIT","XHIBIT",1
9945,"0",984,544,25-APR-12 14:07:24,25-APR-12 14:07:24,"XHIBIT","XHIBIT",1
9946,"0",984,545,25-APR-12 14:07:24,25-APR-12 14:07:24,"XHIBIT","XHIBIT",1
9947,"0",984,546,25-APR-12 14:07:24,25-APR-12 14:07:24,"XHIBIT","XHIBIT",1
9948,"0",984,547,25-APR-12 14:07:24,25-APR-12 14:07:24,"XHIBIT","XHIBIT",1
9949,"0",984,548,25-APR-12 14:07:24,25-APR-12 14:07:24,"XHIBIT","XHIBIT",1
9950,"0",984,549,25-APR-12 14:07:24,25-APR-12 14:07:24,"XHIBIT","XHIBIT",1
9951,"0",984,550,25-APR-12 14:07:24,25-APR-12 14:07:24,"XHIBIT","XHIBIT",1
9952,"0",985,541,25-APR-12 14:07:24,25-APR-12 14:07:24,"XHIBIT","XHIBIT",1
9953,"0",985,542,25-APR-12 14:07:24,25-APR-12 14:07:24,"XHIBIT","XHIBIT",1
9954,"0",985,543,25-APR-12 14:07:24,25-APR-12 14:07:24,"XHIBIT","XHIBIT",1
9955,"0",985,544,25-APR-12 14:07:24,25-APR-12 14:07:24,"XHIBIT","XHIBIT",1
9956,"0",985,545,25-APR-12 14:07:24,25-APR-12 14:07:24,"XHIBIT","XHIBIT",1
9957,"0",985,546,25-APR-12 14:07:24,25-APR-12 14:07:24,"XHIBIT","XHIBIT",1
9958,"0",985,547,25-APR-12 14:07:24,25-APR-12 14:07:24,"XHIBIT","XHIBIT",1
9959,"0",985,548,25-APR-12 14:07:24,25-APR-12 14:07:24,"XHIBIT","XHIBIT",1
9960,"0",985,549,25-APR-12 14:07:24,25-APR-12 14:07:24,"XHIBIT","XHIBIT",1
9961,"0",985,550,25-APR-12 14:07:24,25-APR-12 14:07:24,"XHIBIT","XHIBIT",1
9962,"0",986,541,25-APR-12 14:07:24,25-APR-12 14:07:24,"XHIBIT","XHIBIT",1
9963,"0",986,542,25-APR-12 14:07:24,25-APR-12 14:07:24,"XHIBIT","XHIBIT",1
9964,"0",986,543,25-APR-12 14:07:24,25-APR-12 14:07:24,"XHIBIT","XHIBIT",1
9965,"0",986,544,25-APR-12 14:07:24,25-APR-12 14:07:24,"XHIBIT","XHIBIT",1
9966,"0",986,545,25-APR-12 14:07:24,25-APR-12 14:07:24,"XHIBIT","XHIBIT",1
9967,"0",986,546,25-APR-12 14:07:24,25-APR-12 14:07:24,"XHIBIT","XHIBIT",1
9968,"0",986,547,25-APR-12 14:07:24,25-APR-12 14:07:24,"XHIBIT","XHIBIT",1
9969,"0",986,548,25-APR-12 14:07:24,25-APR-12 14:07:24,"XHIBIT","XHIBIT",1
9970,"0",986,549,25-APR-12 14:07:24,25-APR-12 14:07:24,"XHIBIT","XHIBIT",1
9971,"0",986,550,25-APR-12 14:07:24,25-APR-12 14:07:24,"XHIBIT","XHIBIT",1
9972,"0",987,541,25-APR-12 14:07:24,25-APR-12 14:07:24,"XHIBIT","XHIBIT",1
9973,"0",987,542,25-APR-12 14:07:24,25-APR-12 14:07:24,"XHIBIT","XHIBIT",1
9974,"0",987,543,25-APR-12 14:07:24,25-APR-12 14:07:24,"XHIBIT","XHIBIT",1
9975,"0",987,544,25-APR-12 14:07:24,25-APR-12 14:07:24,"XHIBIT","XHIBIT",1
9976,"0",987,545,25-APR-12 14:07:24,25-APR-12 14:07:24,"XHIBIT","XHIBIT",1
9977,"0",987,546,25-APR-12 14:07:24,25-APR-12 14:07:24,"XHIBIT","XHIBIT",1
9978,"0",987,547,25-APR-12 14:07:24,25-APR-12 14:07:24,"XHIBIT","XHIBIT",1
9979,"0",987,548,25-APR-12 14:07:24,25-APR-12 14:07:24,"XHIBIT","XHIBIT",1
9980,"0",987,549,25-APR-12 14:07:24,25-APR-12 14:07:24,"XHIBIT","XHIBIT",1
9981,"0",987,550,25-APR-12 14:07:24,25-APR-12 14:07:24,"XHIBIT","XHIBIT",1
9982,"0",988,541,25-APR-12 14:07:24,25-APR-12 14:07:24,"XHIBIT","XHIBIT",1
9983,"0",988,542,25-APR-12 14:07:24,25-APR-12 14:07:24,"XHIBIT","XHIBIT",1
9984,"0",988,543,25-APR-12 14:07:24,25-APR-12 14:07:24,"XHIBIT","XHIBIT",1
9985,"0",988,544,25-APR-12 14:07:24,25-APR-12 14:07:24,"XHIBIT","XHIBIT",1
9986,"0",988,545,25-APR-12 14:07:24,25-APR-12 14:07:24,"XHIBIT","XHIBIT",1
9987,"0",988,546,25-APR-12 14:07:24,25-APR-12 14:07:24,"XHIBIT","XHIBIT",1
9988,"0",988,547,25-APR-12 14:07:24,25-APR-12 14:07:24,"XHIBIT","XHIBIT",1
9989,"0",988,548,25-APR-12 14:07:24,25-APR-12 14:07:24,"XHIBIT","XHIBIT",1
9990,"0",988,549,25-APR-12 14:07:24,25-APR-12 14:07:24,"XHIBIT","XHIBIT",1
9991,"0",988,550,25-APR-12 14:07:24,25-APR-12 14:07:24,"XHIBIT","XHIBIT",1
9992,"0",989,541,25-APR-12 14:07:24,25-APR-12 14:07:24,"XHIBIT","XHIBIT",1
9993,"0",989,542,25-APR-12 14:07:24,25-APR-12 14:07:24,"XHIBIT","XHIBIT",1
9994,"0",989,543,25-APR-12 14:07:25,25-APR-12 14:07:25,"XHIBIT","XHIBIT",1
9995,"0",989,544,25-APR-12 14:07:25,25-APR-12 14:07:25,"XHIBIT","XHIBIT",1
9996,"0",989,545,25-APR-12 14:07:25,25-APR-12 14:07:25,"XHIBIT","XHIBIT",1
9997,"0",989,546,25-APR-12 14:07:25,25-APR-12 14:07:25,"XHIBIT","XHIBIT",1
9998,"0",989,547,25-APR-12 14:07:25,25-APR-12 14:07:25,"XHIBIT","XHIBIT",1
9999,"0",989,548,25-APR-12 14:07:25,25-APR-12 14:07:25,"XHIBIT","XHIBIT",1
10000,"0",989,549,25-APR-12 14:07:25,25-APR-12 14:07:25,"XHIBIT","XHIBIT",1
10001,"0",989,550,25-APR-12 14:07:25,25-APR-12 14:07:25,"XHIBIT","XHIBIT",1
10002,"0",990,541,25-APR-12 14:07:25,25-APR-12 14:07:25,"XHIBIT","XHIBIT",1
10003,"0",990,542,25-APR-12 14:07:25,25-APR-12 14:07:25,"XHIBIT","XHIBIT",1
10004,"0",990,543,25-APR-12 14:07:25,25-APR-12 14:07:25,"XHIBIT","XHIBIT",1
10005,"0",990,544,25-APR-12 14:07:25,25-APR-12 14:07:25,"XHIBIT","XHIBIT",1
10006,"0",990,545,25-APR-12 14:07:25,25-APR-12 14:07:25,"XHIBIT","XHIBIT",1
10007,"0",990,546,25-APR-12 14:07:25,25-APR-12 14:07:25,"XHIBIT","XHIBIT",1
10008,"0",990,547,25-APR-12 14:07:25,25-APR-12 14:07:25,"XHIBIT","XHIBIT",1
10009,"0",990,548,25-APR-12 14:07:25,25-APR-12 14:07:25,"XHIBIT","XHIBIT",1
9341,"0",8112,801,13-MAY-14 11:21:37,12-MAY-09 15:56:43,"XHIBIT","<anonymous>",3
9342,"0",8112,802,13-MAY-14 11:23:28,12-MAY-09 15:56:43,"XHIBIT","<anonymous>",3
9343,"0",8112,803,13-MAY-14 11:23:28,12-MAY-09 15:56:43,"XHIBIT","<anonymous>",3
9344,"0",8112,804,13-MAY-14 11:24:45,12-MAY-09 15:56:43,"XHIBIT","<anonymous>",7
9345,"0",8112,805,13-MAY-14 11:24:45,12-MAY-09 15:56:43,"XHIBIT","<anonymous>",5
9346,"0",8112,806,13-MAY-14 11:24:45,12-MAY-09 15:56:43,"XHIBIT","<anonymous>",7
9347,"0",8112,807,13-MAY-14 11:24:45,12-MAY-09 15:56:43,"XHIBIT","<anonymous>",3
9348,"0",8112,808,13-MAY-14 11:24:45,12-MAY-09 15:56:43,"XHIBIT","<anonymous>",3
9349,"1",8112,809,13-MAY-14 11:24:45,12-MAY-09 15:56:43,"XHIBIT","<anonymous>",2
9350,"0",8112,810,13-MAY-14 11:23:28,12-MAY-09 15:56:43,"XHIBIT","<anonymous>",3
9351,"1",8113,801,30-MAR-11 14:23:53,12-MAY-09 15:56:43,"XHIBIT","devuser4",2
9352,"0",8113,802,12-MAY-09 15:56:43,12-MAY-09 15:56:43,"XHIBIT","XHIBIT",1
9353,"0",8113,803,12-MAY-09 15:56:43,12-MAY-09 15:56:43,"XHIBIT","XHIBIT",1
9354,"0",8113,804,12-MAY-09 15:56:43,12-MAY-09 15:56:43,"XHIBIT","XHIBIT",1
9355,"0",8113,805,12-MAY-09 15:56:43,12-MAY-09 15:56:43,"XHIBIT","XHIBIT",1
9356,"0",8113,806,12-MAY-09 15:56:43,12-MAY-09 15:56:43,"XHIBIT","XHIBIT",1
9357,"0",8113,807,12-MAY-09 15:56:43,12-MAY-09 15:56:43,"XHIBIT","XHIBIT",1
9358,"0",8113,808,12-MAY-09 15:56:43,12-MAY-09 15:56:43,"XHIBIT","XHIBIT",1
9359,"0",8113,809,12-MAY-09 15:56:43,12-MAY-09 15:56:43,"XHIBIT","XHIBIT",1
9360,"0",8113,810,12-MAY-09 15:56:43,12-MAY-09 15:56:43,"XHIBIT","XHIBIT",1
9361,"0",8114,801,12-MAY-09 15:56:43,12-MAY-09 15:56:43,"XHIBIT","XHIBIT",1
9362,"0",8114,802,12-MAY-09 15:56:43,12-MAY-09 15:56:43,"XHIBIT","XHIBIT",1
9363,"0",8114,803,12-MAY-09 15:56:43,12-MAY-09 15:56:43,"XHIBIT","XHIBIT",1
9364,"0",8114,804,12-MAY-09 15:56:43,12-MAY-09 15:56:43,"XHIBIT","XHIBIT",1
9365,"0",8114,805,12-MAY-09 15:56:43,12-MAY-09 15:56:43,"XHIBIT","XHIBIT",1
9366,"0",8114,806,12-MAY-09 15:56:43,12-MAY-09 15:56:43,"XHIBIT","XHIBIT",1
9367,"0",8114,807,12-MAY-09 15:56:43,12-MAY-09 15:56:43,"XHIBIT","XHIBIT",1
9368,"0",8114,808,12-MAY-09 15:56:43,12-MAY-09 15:56:43,"XHIBIT","XHIBIT",1
9369,"0",8114,809,12-MAY-09 15:56:43,12-MAY-09 15:56:43,"XHIBIT","XHIBIT",1
9370,"0",8114,810,12-MAY-09 15:56:43,12-MAY-09 15:56:43,"XHIBIT","XHIBIT",1
9371,"0",8115,801,12-MAY-09 15:56:43,12-MAY-09 15:56:43,"XHIBIT","XHIBIT",1
9372,"0",8115,802,12-MAY-09 15:56:43,12-MAY-09 15:56:43,"XHIBIT","XHIBIT",1
9373,"0",8115,803,12-MAY-09 15:56:43,12-MAY-09 15:56:43,"XHIBIT","XHIBIT",1
9374,"0",8115,804,12-MAY-09 15:56:43,12-MAY-09 15:56:43,"XHIBIT","XHIBIT",1
9375,"0",8115,805,12-MAY-09 15:56:43,12-MAY-09 15:56:43,"XHIBIT","XHIBIT",1
9376,"0",8115,806,12-MAY-09 15:56:43,12-MAY-09 15:56:43,"XHIBIT","XHIBIT",1
9377,"0",8115,807,12-MAY-09 15:56:43,12-MAY-09 15:56:43,"XHIBIT","XHIBIT",1
9378,"0",8115,808,12-MAY-09 15:56:43,12-MAY-09 15:56:43,"XHIBIT","XHIBIT",1
9379,"0",8115,809,12-MAY-09 15:56:43,12-MAY-09 15:56:43,"XHIBIT","XHIBIT",1
9380,"0",8115,810,12-MAY-09 15:56:43,12-MAY-09 15:56:43,"XHIBIT","XHIBIT",1
9381,"0",8116,801,12-MAY-09 15:56:43,12-MAY-09 15:56:43,"XHIBIT","XHIBIT",1
9382,"0",8116,802,12-MAY-09 15:56:43,12-MAY-09 15:56:43,"XHIBIT","XHIBIT",1
9383,"0",8116,803,12-MAY-09 15:56:43,12-MAY-09 15:56:43,"XHIBIT","XHIBIT",1
9384,"0",8116,804,12-MAY-09 15:56:43,12-MAY-09 15:56:43,"XHIBIT","XHIBIT",1
9385,"0",8116,805,12-MAY-09 15:56:43,12-MAY-09 15:56:43,"XHIBIT","XHIBIT",1
9386,"0",8116,806,12-MAY-09 15:56:43,12-MAY-09 15:56:43,"XHIBIT","XHIBIT",1
9387,"0",8116,807,12-MAY-09 15:56:43,12-MAY-09 15:56:43,"XHIBIT","XHIBIT",1
9388,"0",8116,808,12-MAY-09 15:56:43,12-MAY-09 15:56:43,"XHIBIT","XHIBIT",1
9389,"0",8116,809,12-MAY-09 15:56:43,12-MAY-09 15:56:43,"XHIBIT","XHIBIT",1
9390,"0",8116,810,12-MAY-09 15:56:43,12-MAY-09 15:56:43,"XHIBIT","XHIBIT",1
9391,"0",8117,801,12-MAY-09 15:56:43,12-MAY-09 15:56:43,"XHIBIT","XHIBIT",1
9392,"0",8117,802,12-MAY-09 15:56:43,12-MAY-09 15:56:43,"XHIBIT","XHIBIT",1
9393,"0",8117,803,12-MAY-09 15:56:43,12-MAY-09 15:56:43,"XHIBIT","XHIBIT",1
9394,"0",8117,804,12-MAY-09 15:56:43,12-MAY-09 15:56:43,"XHIBIT","XHIBIT",1
9395,"0",8117,805,12-MAY-09 15:56:43,12-MAY-09 15:56:43,"XHIBIT","XHIBIT",1
9396,"0",8117,806,12-MAY-09 15:56:43,12-MAY-09 15:56:43,"XHIBIT","XHIBIT",1
9397,"0",8117,807,12-MAY-09 15:56:43,12-MAY-09 15:56:43,"XHIBIT","XHIBIT",1
9398,"0",8117,808,12-MAY-09 15:56:43,12-MAY-09 15:56:43,"XHIBIT","XHIBIT",1
9399,"0",8117,809,12-MAY-09 15:56:43,12-MAY-09 15:56:43,"XHIBIT","XHIBIT",1
9400,"0",8117,810,12-MAY-09 15:56:43,12-MAY-09 15:56:43,"XHIBIT","XHIBIT",1
9401,"0",8118,801,12-MAY-09 15:56:43,12-MAY-09 15:56:43,"XHIBIT","XHIBIT",1
9402,"0",8118,802,12-MAY-09 15:56:43,12-MAY-09 15:56:43,"XHIBIT","XHIBIT",1
9403,"0",8118,803,12-MAY-09 15:56:43,12-MAY-09 15:56:43,"XHIBIT","XHIBIT",1
9404,"0",8118,804,12-MAY-09 15:56:43,12-MAY-09 15:56:43,"XHIBIT","XHIBIT",1
9405,"0",8118,805,12-MAY-09 15:56:43,12-MAY-09 15:56:43,"XHIBIT","XHIBIT",1
9406,"0",8118,806,12-MAY-09 15:56:43,12-MAY-09 15:56:43,"XHIBIT","XHIBIT",1
9407,"0",8118,807,12-MAY-09 15:56:43,12-MAY-09 15:56:43,"XHIBIT","XHIBIT",1
9408,"0",8118,808,12-MAY-09 15:56:43,12-MAY-09 15:56:43,"XHIBIT","XHIBIT",1
9409,"0",8118,809,12-MAY-09 15:56:43,12-MAY-09 15:56:43,"XHIBIT","XHIBIT",1
9410,"0",8118,810,12-MAY-09 15:56:43,12-MAY-09 15:56:43,"XHIBIT","XHIBIT",1
9411,"0",8119,801,12-MAY-09 15:56:43,12-MAY-09 15:56:43,"XHIBIT","XHIBIT",1
9412,"0",8119,802,12-MAY-09 15:56:43,12-MAY-09 15:56:43,"XHIBIT","XHIBIT",1
9413,"0",8119,803,12-MAY-09 15:56:43,12-MAY-09 15:56:43,"XHIBIT","XHIBIT",1
9414,"0",8119,804,12-MAY-09 15:56:43,12-MAY-09 15:56:43,"XHIBIT","XHIBIT",1
9415,"0",8119,805,12-MAY-09 15:56:43,12-MAY-09 15:56:43,"XHIBIT","XHIBIT",1
9416,"0",8119,806,12-MAY-09 15:56:43,12-MAY-09 15:56:43,"XHIBIT","XHIBIT",1
9417,"0",8119,807,12-MAY-09 15:56:43,12-MAY-09 15:56:43,"XHIBIT","XHIBIT",1
9418,"0",8119,808,12-MAY-09 15:56:43,12-MAY-09 15:56:43,"XHIBIT","XHIBIT",1
9419,"0",8119,809,12-MAY-09 15:56:43,12-MAY-09 15:56:43,"XHIBIT","XHIBIT",1
9420,"0",8119,810,12-MAY-09 15:56:43,12-MAY-09 15:56:43,"XHIBIT","XHIBIT",1
9421,"0",8120,801,12-MAY-09 15:56:44,12-MAY-09 15:56:44,"XHIBIT","XHIBIT",1
9422,"0",8120,802,12-MAY-09 15:56:44,12-MAY-09 15:56:44,"XHIBIT","XHIBIT",1
9423,"0",8120,803,12-MAY-09 15:56:44,12-MAY-09 15:56:44,"XHIBIT","XHIBIT",1
9424,"0",8120,804,12-MAY-09 15:56:44,12-MAY-09 15:56:44,"XHIBIT","XHIBIT",1
9425,"0",8120,805,12-MAY-09 15:56:44,12-MAY-09 15:56:44,"XHIBIT","XHIBIT",1
9426,"0",8120,806,12-MAY-09 15:56:44,12-MAY-09 15:56:44,"XHIBIT","XHIBIT",1
9427,"0",8120,807,12-MAY-09 15:56:44,12-MAY-09 15:56:44,"XHIBIT","XHIBIT",1
9428,"0",8120,808,12-MAY-09 15:56:44,12-MAY-09 15:56:44,"XHIBIT","XHIBIT",1
9429,"0",8120,809,12-MAY-09 15:56:44,12-MAY-09 15:56:44,"XHIBIT","XHIBIT",1
9430,"0",8120,810,12-MAY-09 15:56:44,12-MAY-09 15:56:44,"XHIBIT","XHIBIT",1
9431,"0",8121,801,12-MAY-09 15:56:44,12-MAY-09 15:56:44,"XHIBIT","XHIBIT",1
9432,"0",8121,802,12-MAY-09 15:56:44,12-MAY-09 15:56:44,"XHIBIT","XHIBIT",1
9433,"0",8121,803,12-MAY-09 15:56:44,12-MAY-09 15:56:44,"XHIBIT","XHIBIT",1
9434,"0",8121,804,12-MAY-09 15:56:44,12-MAY-09 15:56:44,"XHIBIT","XHIBIT",1
9435,"0",8121,805,12-MAY-09 15:56:44,12-MAY-09 15:56:44,"XHIBIT","XHIBIT",1
9436,"0",8121,806,12-MAY-09 15:56:44,12-MAY-09 15:56:44,"XHIBIT","XHIBIT",1
9437,"0",8121,807,12-MAY-09 15:56:44,12-MAY-09 15:56:44,"XHIBIT","XHIBIT",1
9438,"0",8121,808,12-MAY-09 15:56:44,12-MAY-09 15:56:44,"XHIBIT","XHIBIT",1
9439,"0",8121,809,12-MAY-09 15:56:44,12-MAY-09 15:56:44,"XHIBIT","XHIBIT",1
9440,"0",8121,810,12-MAY-09 15:56:44,12-MAY-09 15:56:44,"XHIBIT","XHIBIT",1
9441,"0",8122,801,12-MAY-09 15:56:44,12-MAY-09 15:56:44,"XHIBIT","XHIBIT",1
9442,"0",8122,802,12-MAY-09 15:56:44,12-MAY-09 15:56:44,"XHIBIT","XHIBIT",1
9443,"0",8122,803,12-MAY-09 15:56:44,12-MAY-09 15:56:44,"XHIBIT","XHIBIT",1
9444,"0",8122,804,12-MAY-09 15:56:44,12-MAY-09 15:56:44,"XHIBIT","XHIBIT",1
9445,"0",8122,805,12-MAY-09 15:56:44,12-MAY-09 15:56:44,"XHIBIT","XHIBIT",1
9446,"0",8122,806,12-MAY-09 15:56:44,12-MAY-09 15:56:44,"XHIBIT","XHIBIT",1
9447,"0",8122,807,12-MAY-09 15:56:44,12-MAY-09 15:56:44,"XHIBIT","XHIBIT",1
9448,"0",8122,808,12-MAY-09 15:56:44,12-MAY-09 15:56:44,"XHIBIT","XHIBIT",1
9449,"0",8122,809,12-MAY-09 15:56:44,12-MAY-09 15:56:44,"XHIBIT","XHIBIT",1
9450,"0",8122,810,12-MAY-09 15:56:44,12-MAY-09 15:56:44,"XHIBIT","XHIBIT",1
9451,"0",8123,801,12-MAY-09 15:56:44,12-MAY-09 15:56:44,"XHIBIT","XHIBIT",1
9452,"0",8123,802,12-MAY-09 15:56:44,12-MAY-09 15:56:44,"XHIBIT","XHIBIT",1
9453,"0",8123,803,12-MAY-09 15:56:44,12-MAY-09 15:56:44,"XHIBIT","XHIBIT",1
9454,"0",8123,804,12-MAY-09 15:56:44,12-MAY-09 15:56:44,"XHIBIT","XHIBIT",1
9455,"0",8123,805,12-MAY-09 15:56:44,12-MAY-09 15:56:44,"XHIBIT","XHIBIT",1
9456,"0",8123,806,12-MAY-09 15:56:44,12-MAY-09 15:56:44,"XHIBIT","XHIBIT",1
9457,"0",8123,807,12-MAY-09 15:56:44,12-MAY-09 15:56:44,"XHIBIT","XHIBIT",1
9458,"0",8123,808,12-MAY-09 15:56:44,12-MAY-09 15:56:44,"XHIBIT","XHIBIT",1
9459,"0",8123,809,12-MAY-09 15:56:44,12-MAY-09 15:56:44,"XHIBIT","XHIBIT",1
9460,"0",8123,810,12-MAY-09 15:56:44,12-MAY-09 15:56:44,"XHIBIT","XHIBIT",1
9461,"0",8124,801,12-MAY-09 15:56:44,12-MAY-09 15:56:44,"XHIBIT","XHIBIT",1
9462,"0",8124,802,12-MAY-09 15:56:44,12-MAY-09 15:56:44,"XHIBIT","XHIBIT",1
9463,"0",8124,803,12-MAY-09 15:56:44,12-MAY-09 15:56:44,"XHIBIT","XHIBIT",1
9464,"0",8124,804,12-MAY-09 15:56:44,12-MAY-09 15:56:44,"XHIBIT","XHIBIT",1
9465,"0",8124,805,12-MAY-09 15:56:44,12-MAY-09 15:56:44,"XHIBIT","XHIBIT",1
9466,"0",8124,806,12-MAY-09 15:56:44,12-MAY-09 15:56:44,"XHIBIT","XHIBIT",1
9467,"0",8124,807,12-MAY-09 15:56:44,12-MAY-09 15:56:44,"XHIBIT","XHIBIT",1
9468,"0",8124,808,12-MAY-09 15:56:44,12-MAY-09 15:56:44,"XHIBIT","XHIBIT",1
9469,"0",8124,809,12-MAY-09 15:56:44,12-MAY-09 15:56:44,"XHIBIT","XHIBIT",1
9470,"0",8124,810,12-MAY-09 15:56:44,12-MAY-09 15:56:44,"XHIBIT","XHIBIT",1
9471,"0",8125,801,12-MAY-09 15:56:44,12-MAY-09 15:56:44,"XHIBIT","XHIBIT",1
9472,"0",8125,802,12-MAY-09 15:56:44,12-MAY-09 15:56:44,"XHIBIT","XHIBIT",1
9473,"0",8125,803,12-MAY-09 15:56:44,12-MAY-09 15:56:44,"XHIBIT","XHIBIT",1
9474,"0",8125,804,12-MAY-09 15:56:44,12-MAY-09 15:56:44,"XHIBIT","XHIBIT",1
9475,"0",8125,805,12-MAY-09 15:56:44,12-MAY-09 15:56:44,"XHIBIT","XHIBIT",1
9476,"0",8125,806,12-MAY-09 15:56:44,12-MAY-09 15:56:44,"XHIBIT","XHIBIT",1
9477,"0",8125,807,12-MAY-09 15:56:44,12-MAY-09 15:56:44,"XHIBIT","XHIBIT",1
9478,"0",8125,808,12-MAY-09 15:56:44,12-MAY-09 15:56:44,"XHIBIT","XHIBIT",1
9896,"0",979,545,25-APR-12 14:07:23,25-APR-12 14:07:23,"XHIBIT","XHIBIT",1
9897,"0",979,546,25-APR-12 14:07:23,25-APR-12 14:07:23,"XHIBIT","XHIBIT",1
9898,"0",979,547,25-APR-12 14:07:23,25-APR-12 14:07:23,"XHIBIT","XHIBIT",1
9899,"0",979,548,25-APR-12 14:07:23,25-APR-12 14:07:23,"XHIBIT","XHIBIT",1
9900,"0",979,549,25-APR-12 14:07:23,25-APR-12 14:07:23,"XHIBIT","XHIBIT",1
9901,"0",979,550,25-APR-12 14:07:23,25-APR-12 14:07:23,"XHIBIT","XHIBIT",1
9902,"0",980,541,25-APR-12 14:07:23,25-APR-12 14:07:23,"XHIBIT","XHIBIT",1
9903,"0",980,542,25-APR-12 14:07:23,25-APR-12 14:07:23,"XHIBIT","XHIBIT",1
9904,"0",980,543,25-APR-12 14:07:23,25-APR-12 14:07:23,"XHIBIT","XHIBIT",1
9905,"0",980,544,25-APR-12 14:07:23,25-APR-12 14:07:23,"XHIBIT","XHIBIT",1
9906,"0",980,545,25-APR-12 14:07:23,25-APR-12 14:07:23,"XHIBIT","XHIBIT",1
9907,"0",980,546,25-APR-12 14:07:23,25-APR-12 14:07:23,"XHIBIT","XHIBIT",1
9908,"0",980,547,25-APR-12 14:07:23,25-APR-12 14:07:23,"XHIBIT","XHIBIT",1
9909,"0",980,548,25-APR-12 14:07:23,25-APR-12 14:07:23,"XHIBIT","XHIBIT",1
9910,"0",980,549,25-APR-12 14:07:23,25-APR-12 14:07:23,"XHIBIT","XHIBIT",1
9911,"0",980,550,25-APR-12 14:07:23,25-APR-12 14:07:23,"XHIBIT","XHIBIT",1
9912,"0",981,541,25-APR-12 14:07:23,25-APR-12 14:07:23,"XHIBIT","XHIBIT",1
9913,"0",981,542,25-APR-12 14:07:23,25-APR-12 14:07:23,"XHIBIT","XHIBIT",1
9914,"0",981,543,25-APR-12 14:07:23,25-APR-12 14:07:23,"XHIBIT","XHIBIT",1
9915,"0",981,544,25-APR-12 14:07:23,25-APR-12 14:07:23,"XHIBIT","XHIBIT",1
9916,"0",981,545,25-APR-12 14:07:23,25-APR-12 14:07:23,"XHIBIT","XHIBIT",1
9917,"0",981,546,25-APR-12 14:07:23,25-APR-12 14:07:23,"XHIBIT","XHIBIT",1
9918,"0",981,547,25-APR-12 14:07:23,25-APR-12 14:07:23,"XHIBIT","XHIBIT",1
9919,"0",981,548,25-APR-12 14:07:23,25-APR-12 14:07:23,"XHIBIT","XHIBIT",1
9920,"0",981,549,25-APR-12 14:07:23,25-APR-12 14:07:23,"XHIBIT","XHIBIT",1
